"","location","date","new_deaths","total_deaths","new_cases","total_cases","new_tests","total_tests","positive_rate","people_fully_vaccinated","icu_patients","hosp_patients","reproduction_rate","population"
"1","Vietnam",2020-01-03,0,NA,0,NA,NA,NA,NA,NA,NA,NA,NA,98186856
"2","Vietnam",2020-01-04,0,NA,0,NA,NA,NA,NA,NA,NA,NA,NA,98186856
"3","Vietnam",2020-01-05,0,NA,0,NA,NA,NA,NA,NA,NA,NA,NA,98186856
"4","Vietnam",2020-01-06,0,NA,0,NA,NA,NA,NA,NA,NA,NA,NA,98186856
"5","Vietnam",2020-01-07,0,NA,0,NA,NA,NA,NA,NA,NA,NA,NA,98186856
"6","Vietnam",2020-01-08,0,NA,0,NA,NA,NA,NA,NA,NA,NA,NA,98186856
"7","Vietnam",2020-01-09,0,NA,0,NA,NA,NA,NA,NA,NA,NA,NA,98186856
"8","Vietnam",2020-01-10,0,NA,0,NA,NA,NA,NA,NA,NA,NA,NA,98186856
"9","Vietnam",2020-01-11,0,NA,0,NA,NA,NA,NA,NA,NA,NA,NA,98186856
"10","Vietnam",2020-01-12,0,NA,0,NA,NA,NA,NA,NA,NA,NA,NA,98186856
"11","Vietnam",2020-01-13,0,NA,0,NA,NA,NA,NA,NA,NA,NA,NA,98186856
"12","Vietnam",2020-01-14,0,NA,0,NA,NA,NA,NA,NA,NA,NA,NA,98186856
"13","Vietnam",2020-01-15,0,NA,0,NA,NA,NA,NA,NA,NA,NA,NA,98186856
"14","Vietnam",2020-01-16,0,NA,0,NA,NA,NA,NA,NA,NA,NA,NA,98186856
"15","Vietnam",2020-01-17,0,NA,0,NA,NA,NA,NA,NA,NA,NA,NA,98186856
"16","Vietnam",2020-01-18,0,NA,0,NA,NA,NA,NA,NA,NA,NA,NA,98186856
"17","Vietnam",2020-01-19,0,NA,0,NA,NA,NA,NA,NA,NA,NA,NA,98186856
"18","Vietnam",2020-01-20,0,NA,0,NA,NA,NA,NA,NA,NA,NA,NA,98186856
"19","Vietnam",2020-01-21,0,NA,0,NA,NA,NA,NA,NA,NA,NA,NA,98186856
"20","Vietnam",2020-01-22,0,NA,0,NA,NA,NA,NA,NA,NA,NA,NA,98186856
"21","Vietnam",2020-01-23,0,NA,0,NA,NA,NA,NA,NA,NA,NA,NA,98186856
"22","Vietnam",2020-01-24,0,NA,0,NA,NA,NA,NA,NA,NA,NA,NA,98186856
"23","Vietnam",2020-01-25,0,NA,2,2,NA,NA,NA,NA,NA,NA,NA,98186856
"24","Vietnam",2020-01-26,0,NA,0,2,NA,NA,NA,NA,NA,NA,NA,98186856
"25","Vietnam",2020-01-27,0,NA,0,2,NA,NA,NA,NA,NA,NA,NA,98186856
"26","Vietnam",2020-01-28,0,NA,0,2,NA,NA,NA,NA,NA,NA,NA,98186856
"27","Vietnam",2020-01-29,0,NA,0,2,NA,NA,NA,NA,NA,NA,NA,98186856
"28","Vietnam",2020-01-30,0,NA,0,2,NA,NA,NA,NA,NA,NA,NA,98186856
"29","Vietnam",2020-01-31,0,NA,0,2,NA,NA,NA,NA,NA,NA,NA,98186856
"30","Vietnam",2020-02-01,0,NA,3,5,NA,NA,NA,NA,NA,NA,NA,98186856
"31","Vietnam",2020-02-02,0,NA,1,6,NA,NA,NA,NA,NA,NA,NA,98186856
"32","Vietnam",2020-02-03,0,NA,1,7,NA,NA,NA,NA,NA,NA,NA,98186856
"33","Vietnam",2020-02-04,0,NA,0,7,NA,NA,NA,NA,NA,NA,NA,98186856
"34","Vietnam",2020-02-05,0,NA,3,10,NA,NA,NA,NA,NA,NA,NA,98186856
"35","Vietnam",2020-02-06,0,NA,0,10,NA,NA,NA,NA,NA,NA,NA,98186856
"36","Vietnam",2020-02-07,0,NA,2,12,NA,NA,NA,NA,NA,NA,NA,98186856
"37","Vietnam",2020-02-08,0,NA,1,13,NA,NA,NA,NA,NA,NA,NA,98186856
"38","Vietnam",2020-02-09,0,NA,0,13,NA,NA,NA,NA,NA,NA,NA,98186856
"39","Vietnam",2020-02-10,0,NA,1,14,NA,NA,NA,NA,NA,NA,NA,98186856
"40","Vietnam",2020-02-11,0,NA,0,14,NA,NA,NA,NA,NA,NA,NA,98186856
"41","Vietnam",2020-02-12,0,NA,1,15,NA,NA,NA,NA,NA,NA,NA,98186856
"42","Vietnam",2020-02-13,0,NA,0,15,NA,NA,NA,NA,NA,NA,NA,98186856
"43","Vietnam",2020-02-14,0,NA,1,16,NA,NA,NA,NA,NA,NA,NA,98186856
"44","Vietnam",2020-02-15,0,NA,0,16,NA,NA,NA,NA,NA,NA,NA,98186856
"45","Vietnam",2020-02-16,0,NA,0,16,NA,NA,NA,NA,NA,NA,NA,98186856
"46","Vietnam",2020-02-17,0,NA,0,16,NA,NA,NA,NA,NA,NA,NA,98186856
"47","Vietnam",2020-02-18,0,NA,0,16,NA,NA,NA,NA,NA,NA,NA,98186856
"48","Vietnam",2020-02-19,0,NA,0,16,NA,NA,NA,NA,NA,NA,NA,98186856
"49","Vietnam",2020-02-20,0,NA,0,16,NA,NA,NA,NA,NA,NA,NA,98186856
"50","Vietnam",2020-02-21,0,NA,0,16,NA,NA,NA,NA,NA,NA,NA,98186856
"51","Vietnam",2020-02-22,0,NA,0,16,NA,NA,NA,NA,NA,NA,NA,98186856
"52","Vietnam",2020-02-23,0,NA,0,16,NA,NA,NA,NA,NA,NA,NA,98186856
"53","Vietnam",2020-02-24,0,NA,0,16,NA,NA,NA,NA,NA,NA,NA,98186856
"54","Vietnam",2020-02-25,0,NA,0,16,NA,NA,NA,NA,NA,NA,NA,98186856
"55","Vietnam",2020-02-26,0,NA,0,16,NA,NA,NA,NA,NA,NA,NA,98186856
"56","Vietnam",2020-02-27,0,NA,0,16,NA,NA,NA,NA,NA,NA,NA,98186856
"57","Vietnam",2020-02-28,0,NA,0,16,NA,NA,NA,NA,NA,NA,NA,98186856
"58","Vietnam",2020-02-29,0,NA,0,16,NA,NA,NA,NA,NA,NA,NA,98186856
"59","Vietnam",2020-03-01,0,NA,0,16,NA,NA,NA,NA,NA,NA,NA,98186856
"60","Vietnam",2020-03-02,0,NA,0,16,NA,NA,NA,NA,NA,NA,NA,98186856
"61","Vietnam",2020-03-03,0,NA,0,16,NA,NA,NA,NA,NA,NA,NA,98186856
"62","Vietnam",2020-03-04,0,NA,0,16,NA,NA,NA,NA,NA,NA,NA,98186856
"63","Vietnam",2020-03-05,0,NA,0,16,NA,NA,NA,NA,NA,NA,NA,98186856
"64","Vietnam",2020-03-06,0,NA,0,16,NA,NA,NA,NA,NA,NA,NA,98186856
"65","Vietnam",2020-03-07,0,NA,2,18,NA,NA,NA,NA,NA,NA,NA,98186856
"66","Vietnam",2020-03-08,0,NA,2,20,NA,NA,NA,NA,NA,NA,NA,98186856
"67","Vietnam",2020-03-09,0,NA,10,30,NA,NA,NA,NA,NA,NA,NA,98186856
"68","Vietnam",2020-03-10,0,NA,1,31,NA,NA,NA,NA,NA,NA,NA,98186856
"69","Vietnam",2020-03-11,0,NA,3,34,NA,NA,NA,NA,NA,NA,NA,98186856
"70","Vietnam",2020-03-12,0,NA,4,38,NA,NA,NA,NA,NA,NA,NA,98186856
"71","Vietnam",2020-03-13,0,NA,6,44,NA,NA,NA,NA,NA,NA,NA,98186856
"72","Vietnam",2020-03-14,0,NA,3,47,NA,NA,NA,NA,NA,NA,NA,98186856
"73","Vietnam",2020-03-15,0,NA,6,53,NA,NA,NA,NA,NA,NA,NA,98186856
"74","Vietnam",2020-03-16,0,NA,4,57,NA,NA,NA,NA,NA,NA,NA,98186856
"75","Vietnam",2020-03-17,0,NA,4,61,NA,NA,NA,NA,NA,NA,NA,98186856
"76","Vietnam",2020-03-18,0,NA,5,66,NA,NA,NA,NA,NA,NA,NA,98186856
"77","Vietnam",2020-03-19,0,NA,10,76,NA,NA,NA,NA,NA,NA,NA,98186856
"78","Vietnam",2020-03-20,0,NA,9,85,NA,NA,NA,NA,NA,NA,NA,98186856
"79","Vietnam",2020-03-21,0,NA,6,91,NA,NA,NA,NA,NA,NA,NA,98186856
"80","Vietnam",2020-03-22,0,NA,3,94,NA,NA,NA,NA,NA,NA,NA,98186856
"81","Vietnam",2020-03-23,0,NA,19,113,NA,NA,NA,NA,NA,NA,0.83,98186856
"82","Vietnam",2020-03-24,0,NA,10,123,NA,NA,NA,NA,NA,NA,0.81,98186856
"83","Vietnam",2020-03-25,0,NA,11,134,NA,NA,NA,NA,NA,NA,0.79,98186856
"84","Vietnam",2020-03-26,0,NA,7,141,NA,NA,NA,NA,NA,NA,0.78,98186856
"85","Vietnam",2020-03-27,0,NA,12,153,NA,NA,NA,NA,NA,NA,0.77,98186856
"86","Vietnam",2020-03-28,0,NA,10,163,NA,NA,NA,NA,NA,NA,0.76,98186856
"87","Vietnam",2020-03-29,0,NA,11,174,NA,NA,NA,NA,NA,NA,0.75,98186856
"88","Vietnam",2020-03-30,0,NA,14,188,NA,NA,NA,NA,NA,NA,0.73,98186856
"89","Vietnam",2020-03-31,0,NA,15,203,NA,NA,NA,NA,NA,NA,0.7,98186856
"90","Vietnam",2020-04-01,0,NA,4,207,NA,NA,NA,NA,NA,NA,0.67,98186856
"91","Vietnam",2020-04-02,0,NA,11,218,NA,NA,NA,NA,NA,NA,0.63,98186856
"92","Vietnam",2020-04-03,0,NA,15,233,NA,NA,NA,NA,NA,NA,0.58,98186856
"93","Vietnam",2020-04-04,0,NA,6,239,NA,NA,NA,NA,NA,NA,0.55,98186856
"94","Vietnam",2020-04-05,0,NA,1,240,NA,NA,NA,NA,NA,NA,0.51,98186856
"95","Vietnam",2020-04-06,0,NA,1,241,NA,NA,NA,NA,NA,NA,0.5,98186856
"96","Vietnam",2020-04-07,0,NA,4,245,NA,NA,NA,NA,NA,NA,0.48,98186856
"97","Vietnam",2020-04-08,0,NA,4,249,NA,NA,NA,NA,NA,NA,0.46,98186856
"98","Vietnam",2020-04-09,0,NA,2,251,NA,NA,NA,NA,NA,NA,0.44,98186856
"99","Vietnam",2020-04-10,0,NA,4,255,NA,NA,NA,NA,NA,NA,0.42,98186856
"100","Vietnam",2020-04-11,0,NA,2,257,NA,NA,NA,NA,NA,NA,0.4,98186856
"101","Vietnam",2020-04-12,0,NA,1,258,NA,NA,NA,NA,NA,NA,0.39,98186856
"102","Vietnam",2020-04-13,0,NA,4,262,NA,NA,NA,NA,NA,NA,0.37,98186856
"103","Vietnam",2020-04-14,0,NA,3,265,NA,NA,NA,NA,NA,NA,0.34,98186856
"104","Vietnam",2020-04-15,0,NA,1,266,NA,NA,NA,NA,NA,NA,0.32,98186856
"105","Vietnam",2020-04-16,0,NA,1,267,NA,NA,NA,NA,NA,NA,0.29,98186856
"106","Vietnam",2020-04-17,0,NA,1,268,NA,NA,NA,NA,NA,NA,0.26,98186856
"107","Vietnam",2020-04-18,0,NA,0,268,NA,NA,NA,NA,NA,NA,0.24,98186856
"108","Vietnam",2020-04-19,0,NA,0,268,NA,NA,NA,NA,NA,NA,0.23,98186856
"109","Vietnam",2020-04-20,0,NA,0,268,NA,NA,NA,NA,NA,NA,0.23,98186856
"110","Vietnam",2020-04-21,0,NA,0,268,NA,NA,NA,NA,NA,NA,0.24,98186856
"111","Vietnam",2020-04-22,0,NA,0,268,NA,NA,NA,NA,NA,NA,0.24,98186856
"112","Vietnam",2020-04-23,0,NA,0,268,NA,NA,NA,NA,NA,NA,0.26,98186856
"113","Vietnam",2020-04-24,0,NA,0,268,NA,NA,NA,NA,NA,NA,0.27,98186856
"114","Vietnam",2020-04-25,0,NA,2,270,NA,NA,NA,NA,NA,NA,0.25,98186856
"115","Vietnam",2020-04-26,0,NA,0,270,NA,NA,NA,NA,NA,NA,0.24,98186856
"116","Vietnam",2020-04-27,0,NA,0,270,NA,NA,NA,NA,NA,NA,0.23,98186856
"117","Vietnam",2020-04-28,0,NA,0,270,NA,NA,NA,NA,NA,NA,0.24,98186856
"118","Vietnam",2020-04-29,0,NA,0,270,NA,NA,NA,NA,NA,NA,0.24,98186856
"119","Vietnam",2020-04-30,0,NA,0,270,NA,NA,NA,NA,NA,NA,0.25,98186856
"120","Vietnam",2020-05-01,0,NA,0,270,NA,NA,NA,NA,NA,NA,0.26,98186856
"121","Vietnam",2020-05-02,0,NA,0,270,NA,NA,NA,NA,NA,NA,0.29,98186856
"122","Vietnam",2020-05-03,0,NA,0,270,NA,NA,NA,NA,NA,NA,0.32,98186856
"123","Vietnam",2020-05-04,0,NA,1,271,NA,NA,NA,NA,NA,NA,0.29,98186856
"124","Vietnam",2020-05-05,0,NA,0,271,NA,NA,NA,NA,NA,NA,0.27,98186856
"125","Vietnam",2020-05-06,0,NA,0,271,NA,NA,NA,NA,NA,NA,0.25,98186856
"126","Vietnam",2020-05-07,0,NA,0,271,NA,NA,NA,NA,NA,NA,0.23,98186856
"127","Vietnam",2020-05-08,0,NA,17,288,NA,NA,NA,NA,NA,NA,0.22,98186856
"128","Vietnam",2020-05-09,0,NA,0,288,NA,NA,NA,NA,NA,NA,0.21,98186856
"129","Vietnam",2020-05-10,0,NA,0,288,NA,NA,NA,NA,NA,NA,0.21,98186856
"130","Vietnam",2020-05-11,0,NA,0,288,NA,NA,NA,NA,NA,NA,0.22,98186856
"131","Vietnam",2020-05-12,0,NA,0,288,NA,NA,NA,NA,NA,NA,0.24,98186856
"132","Vietnam",2020-05-13,0,NA,0,288,NA,NA,NA,NA,NA,NA,0.26,98186856
"133","Vietnam",2020-05-14,0,NA,0,288,NA,NA,NA,NA,NA,NA,0.28,98186856
"134","Vietnam",2020-05-15,0,NA,0,288,NA,NA,NA,NA,NA,NA,0.3,98186856
"135","Vietnam",2020-05-16,0,NA,25,313,NA,NA,NA,NA,NA,NA,0.32,98186856
"136","Vietnam",2020-05-17,0,NA,5,318,NA,NA,NA,NA,NA,NA,0.33,98186856
"137","Vietnam",2020-05-18,0,NA,2,320,NA,NA,NA,NA,NA,NA,0.33,98186856
"138","Vietnam",2020-05-19,0,NA,4,324,NA,NA,NA,NA,NA,NA,0.32,98186856
"139","Vietnam",2020-05-20,0,NA,0,324,NA,NA,NA,NA,NA,NA,0.31,98186856
"140","Vietnam",2020-05-21,0,NA,0,324,NA,NA,NA,NA,NA,NA,0.31,98186856
"141","Vietnam",2020-05-22,0,NA,0,324,NA,NA,NA,NA,NA,NA,0.31,98186856
"142","Vietnam",2020-05-23,0,NA,0,324,NA,NA,NA,NA,NA,NA,0.32,98186856
"143","Vietnam",2020-05-24,0,NA,1,325,NA,NA,NA,NA,NA,NA,0.33,98186856
"144","Vietnam",2020-05-25,0,NA,0,325,NA,NA,NA,NA,NA,NA,0.36,98186856
"145","Vietnam",2020-05-26,0,NA,1,326,NA,NA,NA,NA,NA,NA,0.37,98186856
"146","Vietnam",2020-05-27,0,NA,1,327,NA,NA,NA,NA,NA,NA,0.37,98186856
"147","Vietnam",2020-05-28,0,NA,0,327,NA,NA,NA,NA,NA,NA,0.39,98186856
"148","Vietnam",2020-05-29,0,NA,0,327,NA,NA,NA,NA,NA,NA,0.41,98186856
"149","Vietnam",2020-05-30,0,NA,0,327,NA,NA,NA,NA,NA,NA,0.41,98186856
"150","Vietnam",2020-05-31,0,NA,1,328,NA,NA,NA,NA,NA,NA,0.43,98186856
"151","Vietnam",2020-06-01,0,NA,0,328,NA,NA,NA,NA,NA,NA,0.47,98186856
"152","Vietnam",2020-06-02,0,NA,0,328,NA,NA,NA,NA,NA,NA,0.52,98186856
"153","Vietnam",2020-06-03,0,NA,0,328,NA,NA,NA,NA,NA,NA,0.58,98186856
"154","Vietnam",2020-06-04,0,NA,0,328,NA,NA,NA,NA,NA,NA,0.65,98186856
"155","Vietnam",2020-06-05,0,NA,0,328,NA,NA,NA,NA,NA,NA,0.74,98186856
"156","Vietnam",2020-06-06,0,NA,1,329,NA,NA,NA,NA,NA,NA,0.85,98186856
"157","Vietnam",2020-06-07,0,NA,0,329,NA,NA,NA,NA,NA,NA,0.91,98186856
"158","Vietnam",2020-06-08,0,NA,0,329,NA,NA,NA,NA,NA,NA,0.88,98186856
"159","Vietnam",2020-06-09,0,NA,3,332,NA,NA,NA,NA,NA,NA,0.84,98186856
"160","Vietnam",2020-06-10,0,NA,0,332,NA,NA,NA,NA,NA,NA,0.81,98186856
"161","Vietnam",2020-06-11,0,NA,0,332,NA,NA,NA,NA,NA,NA,0.8,98186856
"162","Vietnam",2020-06-12,0,NA,0,332,NA,NA,NA,NA,NA,NA,0.81,98186856
"163","Vietnam",2020-06-13,0,NA,0,332,NA,NA,NA,NA,NA,NA,0.79,98186856
"164","Vietnam",2020-06-14,0,NA,2,334,NA,NA,NA,NA,NA,NA,0.74,98186856
"165","Vietnam",2020-06-15,0,NA,0,334,NA,NA,NA,NA,NA,NA,0.72,98186856
"166","Vietnam",2020-06-16,0,NA,0,334,NA,NA,NA,NA,NA,NA,0.71,98186856
"167","Vietnam",2020-06-17,0,NA,1,335,NA,NA,NA,NA,NA,NA,0.71,98186856
"168","Vietnam",2020-06-18,0,NA,0,335,NA,NA,NA,NA,NA,NA,0.67,98186856
"169","Vietnam",2020-06-19,0,NA,7,342,NA,NA,NA,NA,NA,NA,0.63,98186856
"170","Vietnam",2020-06-20,0,NA,7,349,NA,NA,NA,NA,NA,NA,0.59,98186856
"171","Vietnam",2020-06-21,0,NA,0,349,NA,NA,NA,NA,NA,NA,0.56,98186856
"172","Vietnam",2020-06-22,0,NA,0,349,NA,NA,NA,NA,NA,NA,0.56,98186856
"173","Vietnam",2020-06-23,0,NA,0,349,NA,NA,NA,NA,NA,NA,0.57,98186856
"174","Vietnam",2020-06-24,0,NA,0,349,NA,NA,NA,NA,NA,NA,0.58,98186856
"175","Vietnam",2020-06-25,0,NA,3,352,NA,NA,NA,NA,NA,NA,0.55,98186856
"176","Vietnam",2020-06-26,0,NA,0,352,NA,NA,NA,NA,NA,NA,0.53,98186856
"177","Vietnam",2020-06-27,0,NA,1,353,NA,NA,NA,NA,NA,NA,0.5,98186856
"178","Vietnam",2020-06-28,0,NA,2,355,NA,NA,NA,NA,NA,NA,0.45,98186856
"179","Vietnam",2020-06-29,0,NA,0,355,NA,NA,NA,NA,NA,NA,0.4,98186856
"180","Vietnam",2020-06-30,0,NA,0,355,NA,NA,NA,NA,NA,NA,0.37,98186856
"181","Vietnam",2020-07-01,0,NA,0,355,NA,NA,NA,NA,NA,NA,0.34,98186856
"182","Vietnam",2020-07-02,0,NA,0,355,NA,NA,NA,NA,NA,NA,0.33,98186856
"183","Vietnam",2020-07-03,0,NA,0,355,NA,NA,NA,NA,NA,NA,0.32,98186856
"184","Vietnam",2020-07-04,0,NA,0,355,NA,NA,NA,NA,NA,NA,0.32,98186856
"185","Vietnam",2020-07-05,0,NA,0,355,NA,NA,NA,NA,NA,NA,0.33,98186856
"186","Vietnam",2020-07-06,0,NA,0,355,NA,NA,NA,NA,NA,NA,0.35,98186856
"187","Vietnam",2020-07-07,0,NA,14,369,NA,NA,NA,NA,NA,NA,0.37,98186856
"188","Vietnam",2020-07-08,0,NA,0,369,NA,NA,NA,NA,NA,NA,0.39,98186856
"189","Vietnam",2020-07-09,0,NA,0,369,NA,NA,NA,NA,NA,NA,0.43,98186856
"190","Vietnam",2020-07-10,0,NA,0,369,NA,NA,NA,NA,NA,NA,0.48,98186856
"191","Vietnam",2020-07-11,0,NA,1,370,NA,NA,NA,NA,NA,NA,0.53,98186856
"192","Vietnam",2020-07-12,0,NA,0,370,NA,NA,NA,NA,NA,NA,0.58,98186856
"193","Vietnam",2020-07-13,0,NA,2,372,NA,NA,NA,NA,NA,NA,0.61,98186856
"194","Vietnam",2020-07-14,0,NA,0,372,NA,NA,NA,NA,NA,NA,0.64,98186856
"195","Vietnam",2020-07-15,0,NA,1,373,NA,NA,NA,NA,NA,NA,0.67,98186856
"196","Vietnam",2020-07-16,0,NA,8,381,NA,NA,NA,NA,NA,NA,0.71,98186856
"197","Vietnam",2020-07-17,0,NA,0,381,NA,NA,NA,NA,NA,NA,0.77,98186856
"198","Vietnam",2020-07-18,0,NA,1,382,NA,NA,NA,NA,NA,NA,0.83,98186856
"199","Vietnam",2020-07-19,0,NA,0,382,NA,NA,NA,NA,NA,NA,0.91,98186856
"200","Vietnam",2020-07-20,0,NA,1,383,NA,NA,NA,NA,NA,NA,1,98186856
"201","Vietnam",2020-07-21,0,NA,1,384,NA,NA,NA,NA,NA,NA,1.1,98186856
"202","Vietnam",2020-07-22,0,NA,17,401,NA,NA,NA,NA,NA,NA,1.19,98186856
"203","Vietnam",2020-07-23,0,NA,7,408,NA,NA,NA,NA,NA,NA,1.27,98186856
"204","Vietnam",2020-07-24,0,NA,4,412,NA,NA,NA,NA,NA,NA,1.36,98186856
"205","Vietnam",2020-07-25,0,NA,3,415,NA,NA,NA,NA,NA,NA,1.47,98186856
"206","Vietnam",2020-07-26,0,NA,3,418,NA,NA,NA,NA,NA,NA,1.6,98186856
"207","Vietnam",2020-07-27,0,NA,2,420,NA,NA,NA,NA,NA,NA,1.75,98186856
"208","Vietnam",2020-07-28,0,NA,11,431,NA,NA,NA,NA,NA,NA,1.86,98186856
"209","Vietnam",2020-07-29,0,NA,15,446,NA,NA,NA,NA,NA,NA,1.94,98186856
"210","Vietnam",2020-07-30,0,NA,13,459,NA,NA,NA,NA,NA,NA,2.01,98186856
"211","Vietnam",2020-07-31,0,NA,50,509,NA,NA,NA,NA,NA,NA,1.95,98186856
"212","Vietnam",2020-08-01,2,2,49,558,NA,NA,NA,NA,NA,NA,1.85,98186856
"213","Vietnam",2020-08-02,1,3,32,590,NA,NA,NA,NA,NA,NA,1.74,98186856
"214","Vietnam",2020-08-03,3,6,31,621,NA,NA,NA,NA,NA,NA,1.64,98186856
"215","Vietnam",2020-08-04,2,8,31,652,NA,NA,NA,NA,NA,NA,1.55,98186856
"216","Vietnam",2020-08-05,0,8,20,672,NA,NA,NA,NA,NA,NA,1.47,98186856
"217","Vietnam",2020-08-06,0,8,45,717,NA,NA,NA,NA,NA,NA,1.37,98186856
"218","Vietnam",2020-08-07,2,10,33,750,NA,NA,NA,NA,NA,NA,1.3,98186856
"219","Vietnam",2020-08-08,0,10,39,789,NA,NA,NA,NA,NA,NA,1.21,98186856
"220","Vietnam",2020-08-09,0,10,23,812,NA,NA,NA,NA,NA,NA,1.13,98186856
"221","Vietnam",2020-08-10,1,11,29,841,NA,NA,NA,NA,NA,NA,1.05,98186856
"222","Vietnam",2020-08-11,4,15,6,847,NA,NA,NA,NA,NA,NA,1,98186856
"223","Vietnam",2020-08-12,2,17,19,866,NA,NA,NA,NA,NA,NA,0.95,98186856
"224","Vietnam",2020-08-13,1,18,17,883,NA,NA,NA,NA,NA,NA,0.9,98186856
"225","Vietnam",2020-08-14,3,21,28,911,NA,NA,NA,NA,NA,NA,0.86,98186856
"226","Vietnam",2020-08-15,1,22,19,930,NA,NA,NA,NA,NA,NA,0.81,98186856
"227","Vietnam",2020-08-16,1,23,21,951,NA,NA,NA,NA,NA,NA,0.76,98186856
"228","Vietnam",2020-08-17,1,24,13,964,NA,NA,NA,NA,NA,NA,0.71,98186856
"229","Vietnam",2020-08-18,1,25,19,983,NA,NA,NA,NA,NA,NA,0.66,98186856
"230","Vietnam",2020-08-19,0,25,6,989,NA,NA,NA,NA,NA,NA,0.61,98186856
"231","Vietnam",2020-08-20,0,25,4,993,NA,NA,NA,NA,NA,NA,0.58,98186856
"232","Vietnam",2020-08-21,0,25,14,1007,NA,NA,NA,NA,NA,NA,0.55,98186856
"233","Vietnam",2020-08-22,0,25,2,1009,NA,NA,NA,NA,NA,NA,0.53,98186856
"234","Vietnam",2020-08-23,1,26,5,1014,NA,NA,NA,NA,NA,NA,0.51,98186856
"235","Vietnam",2020-08-24,1,27,2,1016,NA,NA,NA,NA,NA,NA,0.49,98186856
"236","Vietnam",2020-08-25,0,27,6,1022,NA,NA,NA,NA,NA,NA,0.47,98186856
"237","Vietnam",2020-08-26,0,27,7,1029,NA,NA,NA,NA,NA,NA,0.45,98186856
"238","Vietnam",2020-08-27,2,29,5,1034,NA,NA,NA,NA,NA,NA,0.44,98186856
"239","Vietnam",2020-08-28,1,30,2,1036,NA,NA,NA,NA,NA,NA,0.43,98186856
"240","Vietnam",2020-08-29,0,30,2,1038,NA,NA,NA,NA,NA,NA,0.42,98186856
"241","Vietnam",2020-08-30,2,32,2,1040,NA,NA,NA,NA,NA,NA,0.42,98186856
"242","Vietnam",2020-08-31,0,32,0,1040,NA,NA,NA,NA,NA,NA,0.42,98186856
"243","Vietnam",2020-09-01,2,34,4,1044,NA,NA,NA,NA,NA,NA,0.42,98186856
"244","Vietnam",2020-09-02,0,34,0,1044,NA,NA,NA,NA,NA,NA,0.42,98186856
"245","Vietnam",2020-09-03,0,34,2,1046,NA,NA,NA,NA,NA,NA,0.43,98186856
"246","Vietnam",2020-09-04,1,35,0,1046,NA,NA,NA,NA,NA,NA,0.46,98186856
"247","Vietnam",2020-09-05,0,35,3,1049,NA,NA,NA,NA,NA,NA,0.48,98186856
"248","Vietnam",2020-09-06,0,35,0,1049,NA,NA,NA,NA,NA,NA,0.5,98186856
"249","Vietnam",2020-09-07,0,35,0,1049,NA,NA,NA,NA,NA,NA,0.54,98186856
"250","Vietnam",2020-09-08,0,35,0,1049,NA,NA,NA,NA,NA,NA,0.58,98186856
"251","Vietnam",2020-09-09,0,35,5,1054,NA,NA,NA,NA,NA,NA,0.59,98186856
"252","Vietnam",2020-09-10,0,35,5,1059,NA,NA,NA,NA,NA,NA,0.57,98186856
"253","Vietnam",2020-09-11,0,35,0,1059,NA,NA,NA,NA,NA,NA,0.56,98186856
"254","Vietnam",2020-09-12,0,35,1,1060,NA,NA,NA,NA,NA,NA,0.56,98186856
"255","Vietnam",2020-09-13,0,35,0,1060,NA,NA,NA,NA,NA,NA,0.56,98186856
"256","Vietnam",2020-09-14,0,35,3,1063,NA,NA,NA,NA,NA,NA,0.54,98186856
"257","Vietnam",2020-09-15,0,35,0,1063,NA,NA,NA,NA,NA,NA,0.53,98186856
"258","Vietnam",2020-09-16,0,35,0,1063,NA,NA,NA,NA,NA,NA,0.54,98186856
"259","Vietnam",2020-09-17,0,35,0,1063,NA,NA,NA,NA,NA,NA,0.57,98186856
"260","Vietnam",2020-09-18,0,35,3,1066,NA,NA,NA,NA,NA,NA,0.56,98186856
"261","Vietnam",2020-09-19,0,35,2,1068,NA,NA,NA,NA,NA,NA,0.53,98186856
"262","Vietnam",2020-09-20,0,35,0,1068,NA,NA,NA,NA,NA,NA,0.5,98186856
"263","Vietnam",2020-09-21,0,35,0,1068,NA,NA,NA,NA,NA,NA,0.48,98186856
"264","Vietnam",2020-09-22,0,35,0,1068,NA,NA,NA,NA,NA,NA,0.48,98186856
"265","Vietnam",2020-09-23,0,35,0,1068,NA,NA,NA,NA,NA,NA,0.5,98186856
"266","Vietnam",2020-09-24,0,35,1,1069,NA,NA,NA,NA,NA,NA,0.5,98186856
"267","Vietnam",2020-09-25,0,35,0,1069,NA,NA,NA,NA,NA,NA,0.52,98186856
"268","Vietnam",2020-09-26,0,35,0,1069,NA,NA,NA,NA,NA,NA,0.55,98186856
"269","Vietnam",2020-09-27,0,35,0,1069,NA,NA,NA,NA,NA,NA,0.59,98186856
"270","Vietnam",2020-09-28,0,35,5,1074,NA,NA,NA,NA,NA,NA,0.62,98186856
"271","Vietnam",2020-09-29,0,35,3,1077,NA,NA,NA,NA,NA,NA,0.61,98186856
"272","Vietnam",2020-09-30,0,35,17,1094,NA,NA,NA,NA,NA,NA,0.6,98186856
"273","Vietnam",2020-10-01,0,35,1,1095,NA,NA,NA,NA,NA,NA,0.62,98186856
"274","Vietnam",2020-10-02,0,35,0,1095,NA,NA,NA,NA,NA,NA,0.64,98186856
"275","Vietnam",2020-10-03,0,35,1,1096,NA,NA,NA,NA,NA,NA,0.67,98186856
"276","Vietnam",2020-10-04,0,35,0,1096,NA,NA,NA,NA,NA,NA,0.71,98186856
"277","Vietnam",2020-10-05,0,35,0,1096,NA,NA,NA,NA,NA,NA,0.77,98186856
"278","Vietnam",2020-10-06,0,35,1,1097,NA,NA,NA,NA,NA,NA,0.84,98186856
"279","Vietnam",2020-10-07,0,35,1,1098,NA,NA,NA,NA,NA,NA,0.91,98186856
"280","Vietnam",2020-10-08,0,35,1,1099,NA,NA,NA,NA,NA,NA,1,98186856
"281","Vietnam",2020-10-09,0,35,1,1100,NA,NA,NA,NA,NA,NA,1.1,98186856
"282","Vietnam",2020-10-10,0,35,5,1105,NA,NA,NA,NA,NA,NA,1.14,98186856
"283","Vietnam",2020-10-11,0,35,2,1107,NA,NA,NA,NA,NA,NA,1.17,98186856
"284","Vietnam",2020-10-12,0,35,2,1109,NA,NA,NA,NA,NA,NA,1.21,98186856
"285","Vietnam",2020-10-13,0,35,1,1110,NA,NA,NA,NA,NA,NA,1.27,98186856
"286","Vietnam",2020-10-14,0,35,3,1113,NA,NA,NA,NA,NA,NA,1.32,98186856
"287","Vietnam",2020-10-15,0,35,9,1122,NA,NA,NA,NA,NA,NA,1.3,98186856
"288","Vietnam",2020-10-16,0,35,2,1124,NA,NA,NA,NA,NA,NA,1.29,98186856
"289","Vietnam",2020-10-17,0,35,0,1124,NA,NA,NA,NA,NA,NA,1.31,98186856
"290","Vietnam",2020-10-18,0,35,2,1126,NA,NA,NA,NA,NA,NA,1.34,98186856
"291","Vietnam",2020-10-19,0,35,8,1134,NA,NA,NA,NA,NA,NA,1.32,98186856
"292","Vietnam",2020-10-20,0,35,6,1140,NA,NA,NA,NA,NA,NA,1.28,98186856
"293","Vietnam",2020-10-21,0,35,1,1141,NA,NA,NA,NA,NA,NA,1.27,98186856
"294","Vietnam",2020-10-22,0,35,4,1145,NA,NA,NA,NA,NA,NA,1.27,98186856
"295","Vietnam",2020-10-23,0,35,3,1148,NA,NA,NA,NA,NA,NA,1.28,98186856
"296","Vietnam",2020-10-24,0,35,0,1148,NA,NA,NA,NA,NA,NA,1.32,98186856
"297","Vietnam",2020-10-25,0,35,12,1160,NA,NA,NA,NA,NA,NA,1.28,98186856
"298","Vietnam",2020-10-26,0,35,8,1168,NA,NA,NA,NA,NA,NA,1.21,98186856
"299","Vietnam",2020-10-27,0,35,1,1169,NA,NA,NA,NA,NA,NA,1.17,98186856
"300","Vietnam",2020-10-28,0,35,3,1172,NA,NA,NA,NA,NA,NA,1.15,98186856
"301","Vietnam",2020-10-29,0,35,1,1173,NA,NA,NA,NA,NA,NA,1.16,98186856
"302","Vietnam",2020-10-30,0,35,4,1177,NA,NA,NA,NA,NA,NA,1.18,98186856
"303","Vietnam",2020-10-31,0,35,0,1177,NA,NA,NA,NA,NA,NA,1.21,98186856
"304","Vietnam",2020-11-01,0,35,3,1180,NA,NA,NA,NA,NA,NA,1.26,98186856
"305","Vietnam",2020-11-02,0,35,0,1180,NA,NA,NA,NA,NA,NA,1.33,98186856
"306","Vietnam",2020-11-03,0,35,12,1192,NA,NA,NA,NA,NA,NA,1.32,98186856
"307","Vietnam",2020-11-04,0,35,11,1203,NA,NA,NA,NA,NA,NA,1.27,98186856
"308","Vietnam",2020-11-05,0,35,4,1207,NA,NA,NA,NA,NA,NA,1.27,98186856
"309","Vietnam",2020-11-06,0,35,3,1210,NA,NA,NA,NA,NA,NA,1.28,98186856
"310","Vietnam",2020-11-07,0,35,3,1213,NA,NA,NA,NA,NA,NA,1.28,98186856
"311","Vietnam",2020-11-08,0,35,0,1213,NA,NA,NA,NA,NA,NA,1.31,98186856
"312","Vietnam",2020-11-09,0,35,0,1213,NA,NA,NA,NA,NA,NA,1.36,98186856
"313","Vietnam",2020-11-10,0,35,3,1216,NA,NA,NA,NA,NA,NA,1.44,98186856
"314","Vietnam",2020-11-11,0,35,10,1226,NA,NA,NA,NA,NA,NA,1.47,98186856
"315","Vietnam",2020-11-12,0,35,26,1252,NA,NA,NA,NA,NA,NA,1.39,98186856
"316","Vietnam",2020-11-13,0,35,1,1253,NA,NA,NA,NA,NA,NA,1.33,98186856
"317","Vietnam",2020-11-14,0,35,3,1256,NA,NA,NA,NA,NA,NA,1.3,98186856
"318","Vietnam",2020-11-15,0,35,9,1265,NA,NA,NA,NA,NA,NA,1.25,98186856
"319","Vietnam",2020-11-16,0,35,16,1281,NA,NA,NA,NA,NA,NA,1.17,98186856
"320","Vietnam",2020-11-17,0,35,2,1283,NA,NA,NA,NA,NA,NA,1.11,98186856
"321","Vietnam",2020-11-18,0,35,5,1288,NA,NA,NA,NA,NA,NA,1.06,98186856
"322","Vietnam",2020-11-19,0,35,12,1300,NA,NA,NA,NA,NA,NA,1.01,98186856
"323","Vietnam",2020-11-20,0,35,4,1304,NA,NA,NA,NA,NA,NA,0.97,98186856
"324","Vietnam",2020-11-21,0,35,1,1305,NA,NA,NA,NA,NA,NA,0.94,98186856
"325","Vietnam",2020-11-22,0,35,1,1306,NA,NA,NA,NA,NA,NA,0.94,98186856
"326","Vietnam",2020-11-23,0,35,1,1307,NA,NA,NA,NA,NA,NA,0.95,98186856
"327","Vietnam",2020-11-24,0,35,5,1312,NA,NA,NA,NA,NA,NA,0.95,98186856
"328","Vietnam",2020-11-25,0,35,4,1316,NA,NA,NA,NA,NA,NA,0.96,98186856
"329","Vietnam",2020-11-26,0,35,5,1321,NA,NA,NA,NA,NA,NA,0.98,98186856
"330","Vietnam",2020-11-27,0,35,10,1331,NA,NA,NA,NA,NA,NA,0.97,98186856
"331","Vietnam",2020-11-28,0,35,8,1339,NA,NA,NA,NA,NA,NA,0.94,98186856
"332","Vietnam",2020-11-29,0,35,2,1341,NA,NA,NA,NA,NA,NA,0.92,98186856
"333","Vietnam",2020-11-30,0,35,2,1343,NA,NA,NA,NA,NA,NA,0.91,98186856
"334","Vietnam",2020-12-01,0,35,4,1347,NA,NA,NA,NA,NA,NA,0.9,98186856
"335","Vietnam",2020-12-02,0,35,4,1351,NA,NA,NA,NA,NA,NA,0.9,98186856
"336","Vietnam",2020-12-03,0,35,7,1358,NA,NA,NA,NA,NA,NA,0.89,98186856
"337","Vietnam",2020-12-04,0,35,3,1361,NA,NA,NA,NA,NA,NA,0.89,98186856
"338","Vietnam",2020-12-05,0,35,0,1361,NA,NA,NA,NA,NA,NA,0.91,98186856
"339","Vietnam",2020-12-06,0,35,4,1365,NA,NA,NA,NA,NA,NA,0.92,98186856
"340","Vietnam",2020-12-07,0,35,1,1366,NA,NA,NA,NA,NA,NA,0.95,98186856
"341","Vietnam",2020-12-08,0,35,1,1367,NA,NA,NA,NA,NA,NA,0.99,98186856
"342","Vietnam",2020-12-09,0,35,10,1377,NA,NA,NA,NA,NA,NA,0.99,98186856
"343","Vietnam",2020-12-10,0,35,4,1381,NA,NA,NA,NA,NA,NA,0.98,98186856
"344","Vietnam",2020-12-11,0,35,4,1385,NA,NA,NA,NA,NA,NA,0.98,98186856
"345","Vietnam",2020-12-12,0,35,6,1391,NA,NA,NA,NA,NA,NA,0.96,98186856
"346","Vietnam",2020-12-13,0,35,4,1395,NA,NA,NA,NA,NA,NA,0.95,98186856
"347","Vietnam",2020-12-14,0,35,2,1397,NA,NA,NA,NA,NA,NA,0.94,98186856
"348","Vietnam",2020-12-15,0,35,5,1402,NA,NA,NA,NA,NA,NA,0.92,98186856
"349","Vietnam",2020-12-16,0,35,3,1405,NA,NA,NA,NA,NA,NA,0.91,98186856
"350","Vietnam",2020-12-17,0,35,0,1405,NA,NA,NA,NA,NA,NA,0.92,98186856
"351","Vietnam",2020-12-18,0,35,2,1407,NA,NA,NA,NA,NA,NA,0.96,98186856
"352","Vietnam",2020-12-19,0,35,3,1410,NA,NA,NA,NA,NA,NA,0.99,98186856
"353","Vietnam",2020-12-20,0,35,1,1411,NA,NA,NA,NA,NA,NA,1.04,98186856
"354","Vietnam",2020-12-21,0,35,2,1413,NA,NA,NA,NA,NA,NA,1.08,98186856
"355","Vietnam",2020-12-22,0,35,1,1414,NA,NA,NA,NA,NA,NA,1.15,98186856
"356","Vietnam",2020-12-23,0,35,6,1420,NA,NA,NA,NA,NA,NA,1.19,98186856
"357","Vietnam",2020-12-24,0,35,1,1421,NA,NA,NA,NA,NA,NA,1.25,98186856
"358","Vietnam",2020-12-25,0,35,12,1433,NA,NA,NA,NA,NA,NA,1.24,98186856
"359","Vietnam",2020-12-26,0,35,6,1439,NA,NA,NA,NA,NA,NA,1.22,98186856
"360","Vietnam",2020-12-27,0,35,1,1440,NA,NA,NA,NA,NA,NA,1.22,98186856
"361","Vietnam",2020-12-28,0,35,1,1441,NA,NA,NA,NA,NA,NA,1.24,98186856
"362","Vietnam",2020-12-29,0,35,10,1451,NA,NA,NA,NA,NA,NA,1.21,98186856
"363","Vietnam",2020-12-30,0,35,3,1454,NA,NA,NA,NA,NA,NA,1.21,98186856
"364","Vietnam",2020-12-31,0,35,2,1456,NA,NA,NA,NA,NA,NA,1.22,98186856
"365","Vietnam",2021-01-01,0,35,9,1465,NA,NA,NA,NA,NA,NA,1.21,98186856
"366","Vietnam",2021-01-02,0,35,9,1474,NA,NA,NA,NA,NA,NA,1.18,98186856
"367","Vietnam",2021-01-03,0,35,8,1482,NA,NA,NA,NA,NA,NA,1.14,98186856
"368","Vietnam",2021-01-04,0,35,12,1494,NA,NA,NA,NA,NA,NA,1.07,98186856
"369","Vietnam",2021-01-05,0,35,3,1497,NA,NA,NA,NA,NA,NA,1.01,98186856
"370","Vietnam",2021-01-06,0,35,7,1504,NA,NA,NA,NA,NA,NA,0.95,98186856
"371","Vietnam",2021-01-07,0,35,1,1505,NA,NA,NA,NA,NA,NA,0.9,98186856
"372","Vietnam",2021-01-08,0,35,4,1509,NA,NA,NA,NA,NA,NA,0.88,98186856
"373","Vietnam",2021-01-09,0,35,3,1512,NA,NA,NA,NA,NA,NA,0.86,98186856
"374","Vietnam",2021-01-10,0,35,1,1513,NA,NA,NA,NA,NA,NA,0.86,98186856
"375","Vietnam",2021-01-11,0,35,1,1514,NA,NA,NA,NA,NA,NA,0.86,98186856
"376","Vietnam",2021-01-12,0,35,1,1515,NA,NA,NA,NA,NA,NA,0.89,98186856
"377","Vietnam",2021-01-13,0,35,5,1520,NA,NA,NA,NA,NA,NA,0.9,98186856
"378","Vietnam",2021-01-14,0,35,1,1521,NA,NA,NA,NA,NA,NA,0.92,98186856
"379","Vietnam",2021-01-15,0,35,10,1531,NA,NA,NA,NA,NA,NA,0.9,98186856
"380","Vietnam",2021-01-16,0,35,5,1536,NA,NA,NA,NA,NA,NA,0.86,98186856
"381","Vietnam",2021-01-17,0,35,1,1537,NA,NA,NA,NA,NA,NA,0.85,98186856
"382","Vietnam",2021-01-18,0,35,0,1537,NA,NA,NA,NA,NA,NA,0.85,98186856
"383","Vietnam",2021-01-19,0,35,2,1539,NA,NA,NA,NA,NA,NA,0.85,98186856
"384","Vietnam",2021-01-20,0,35,1,1540,NA,NA,NA,NA,NA,NA,0.87,98186856
"385","Vietnam",2021-01-21,0,35,4,1544,NA,NA,NA,NA,NA,NA,0.88,98186856
"386","Vietnam",2021-01-22,0,35,2,1546,NA,NA,NA,NA,NA,NA,0.9,98186856
"387","Vietnam",2021-01-23,0,35,2,1548,NA,NA,NA,NA,NA,NA,0.92,98186856
"388","Vietnam",2021-01-24,0,35,0,1548,NA,NA,NA,NA,NA,NA,0.97,98186856
"389","Vietnam",2021-01-25,0,35,0,1548,NA,NA,NA,NA,NA,NA,1.04,98186856
"390","Vietnam",2021-01-26,0,35,1,1549,NA,NA,NA,NA,NA,NA,1.12,98186856
"391","Vietnam",2021-01-27,0,35,2,1551,NA,NA,NA,NA,NA,NA,1.2,98186856
"392","Vietnam",2021-01-28,0,35,2,1553,NA,NA,NA,NA,NA,NA,1.29,98186856
"393","Vietnam",2021-01-29,0,35,98,1651,NA,NA,NA,NA,NA,NA,1.38,98186856
"394","Vietnam",2021-01-30,0,35,88,1739,NA,NA,NA,NA,NA,NA,1.48,98186856
"395","Vietnam",2021-01-31,0,35,42,1781,NA,NA,NA,NA,NA,NA,1.43,98186856
"396","Vietnam",2021-02-01,0,35,38,1819,NA,NA,NA,NA,NA,NA,1.36,98186856
"397","Vietnam",2021-02-02,0,35,32,1851,NA,NA,NA,NA,NA,NA,1.3,98186856
"398","Vietnam",2021-02-03,0,35,40,1891,NA,NA,NA,NA,NA,NA,1.24,98186856
"399","Vietnam",2021-02-04,NA,NA,57,1948,NA,NA,NA,NA,NA,NA,1.16,98186856
"400","Vietnam",2021-02-05,0,NA,9,1957,NA,NA,NA,NA,NA,NA,1.12,98186856
"401","Vietnam",2021-02-06,0,NA,19,1976,NA,NA,NA,NA,NA,NA,1.08,98186856
"402","Vietnam",2021-02-07,0,NA,9,1985,NA,NA,NA,NA,NA,NA,1.08,98186856
"403","Vietnam",2021-02-08,0,NA,20,2005,NA,NA,NA,NA,NA,NA,1.07,98186856
"404","Vietnam",2021-02-09,0,NA,48,2053,NA,NA,NA,NA,NA,NA,1.05,98186856
"405","Vietnam",2021-02-10,0,NA,17,2070,NA,NA,NA,NA,NA,NA,1.04,98186856
"406","Vietnam",2021-02-11,0,NA,39,2109,NA,NA,NA,NA,NA,NA,1.03,98186856
"407","Vietnam",2021-02-12,0,NA,31,2140,NA,NA,NA,NA,NA,NA,1.01,98186856
"408","Vietnam",2021-02-13,0,NA,2,2142,NA,NA,NA,NA,NA,NA,1,98186856
"409","Vietnam",2021-02-14,0,NA,53,2195,NA,NA,NA,NA,NA,NA,0.98,98186856
"410","Vietnam",2021-02-15,0,NA,34,2229,NA,NA,NA,NA,NA,NA,0.94,98186856
"411","Vietnam",2021-02-16,0,NA,42,2271,NA,NA,NA,NA,NA,NA,0.9,98186856
"412","Vietnam",2021-02-17,0,NA,40,2311,NA,NA,NA,NA,NA,NA,0.84,98186856
"413","Vietnam",2021-02-18,0,NA,18,2329,NA,NA,NA,NA,NA,NA,0.79,98186856
"414","Vietnam",2021-02-19,0,NA,18,2347,NA,NA,NA,NA,NA,NA,0.76,98186856
"415","Vietnam",2021-02-20,0,NA,15,2362,NA,NA,NA,NA,NA,NA,0.72,98186856
"416","Vietnam",2021-02-21,0,NA,6,2368,NA,NA,NA,NA,NA,NA,0.7,98186856
"417","Vietnam",2021-02-22,0,NA,15,2383,NA,NA,NA,NA,NA,NA,0.69,98186856
"418","Vietnam",2021-02-23,0,NA,12,2395,NA,NA,NA,NA,NA,NA,0.67,98186856
"419","Vietnam",2021-02-24,0,NA,8,2403,NA,NA,NA,NA,NA,NA,0.66,98186856
"420","Vietnam",2021-02-25,0,NA,9,2412,NA,NA,NA,NA,NA,NA,0.66,98186856
"421","Vietnam",2021-02-26,0,NA,9,2421,NA,NA,NA,NA,NA,NA,0.66,98186856
"422","Vietnam",2021-02-27,0,NA,5,2426,NA,NA,NA,NA,NA,NA,0.68,98186856
"423","Vietnam",2021-02-28,0,NA,6,2432,NA,NA,NA,NA,NA,NA,0.7,98186856
"424","Vietnam",2021-03-01,0,NA,16,2448,NA,NA,NA,NA,NA,NA,0.71,98186856
"425","Vietnam",2021-03-02,0,NA,24,2472,NA,NA,NA,NA,NA,NA,0.73,98186856
"426","Vietnam",2021-03-03,0,NA,3,2475,NA,NA,NA,NA,NA,NA,0.71,98186856
"427","Vietnam",2021-03-04,0,NA,7,2482,NA,NA,NA,NA,NA,NA,0.7,98186856
"428","Vietnam",2021-03-05,0,NA,6,2488,NA,NA,NA,NA,NA,NA,0.7,98186856
"429","Vietnam",2021-03-06,0,NA,13,2501,NA,NA,NA,NA,NA,NA,0.7,98186856
"430","Vietnam",2021-03-07,0,NA,8,2509,NA,NA,NA,NA,NA,NA,0.71,98186856
"431","Vietnam",2021-03-08,0,NA,3,2512,NA,NA,NA,NA,NA,NA,0.7,98186856
"432","Vietnam",2021-03-09,0,NA,12,2524,NA,NA,NA,NA,NA,NA,0.68,98186856
"433","Vietnam",2021-03-10,0,NA,2,2526,NA,NA,NA,NA,NA,NA,0.67,98186856
"434","Vietnam",2021-03-11,0,NA,3,2529,NA,NA,NA,NA,NA,NA,0.68,98186856
"435","Vietnam",2021-03-12,0,NA,6,2535,NA,NA,NA,NA,NA,NA,0.7,98186856
"436","Vietnam",2021-03-13,0,NA,15,2550,NA,NA,NA,NA,NA,NA,0.67,98186856
"437","Vietnam",2021-03-14,0,NA,3,2553,NA,NA,NA,NA,NA,NA,0.66,98186856
"438","Vietnam",2021-03-15,0,NA,1,2554,NA,NA,NA,NA,NA,NA,0.66,98186856
"439","Vietnam",2021-03-16,0,NA,5,2559,NA,NA,NA,NA,NA,NA,0.66,98186856
"440","Vietnam",2021-03-17,0,NA,1,2560,NA,NA,NA,NA,NA,NA,0.66,98186856
"441","Vietnam",2021-03-18,0,NA,7,2567,NA,NA,NA,NA,NA,NA,0.65,98186856
"442","Vietnam",2021-03-19,0,NA,3,2570,NA,NA,NA,NA,NA,NA,0.66,98186856
"443","Vietnam",2021-03-20,0,NA,1,2571,NA,NA,NA,NA,NA,NA,0.68,98186856
"444","Vietnam",2021-03-21,0,NA,1,2572,NA,NA,NA,NA,NA,NA,0.71,98186856
"445","Vietnam",2021-03-22,0,NA,0,2572,NA,NA,NA,NA,NA,NA,0.75,98186856
"446","Vietnam",2021-03-23,0,NA,3,2575,NA,NA,NA,NA,NA,NA,0.8,98186856
"447","Vietnam",2021-03-24,0,NA,1,2576,NA,NA,NA,NA,NA,NA,0.85,98186856
"448","Vietnam",2021-03-25,0,NA,0,2576,NA,NA,NA,NA,NA,NA,0.93,98186856
"449","Vietnam",2021-03-26,0,NA,5,2581,NA,NA,NA,NA,NA,NA,1.01,98186856
"450","Vietnam",2021-03-27,0,NA,5,2586,NA,NA,NA,NA,NA,NA,1.06,98186856
"451","Vietnam",2021-03-28,0,NA,4,2590,NA,NA,NA,NA,NA,NA,1.13,98186856
"452","Vietnam",2021-03-29,0,NA,1,2591,NA,NA,NA,NA,NA,NA,1.19,98186856
"453","Vietnam",2021-03-30,0,NA,3,2594,NA,NA,NA,NA,NA,NA,1.25,98186856
"454","Vietnam",2021-03-31,0,NA,0,2594,NA,NA,NA,NA,NA,NA,1.34,98186856
"455","Vietnam",2021-04-01,0,NA,9,2603,NA,NA,NA,NA,NA,NA,1.38,98186856
"456","Vietnam",2021-04-02,0,NA,14,2617,NA,NA,NA,NA,NA,NA,1.36,98186856
"457","Vietnam",2021-04-03,0,NA,3,2620,NA,NA,NA,NA,NA,NA,1.37,98186856
"458","Vietnam",2021-04-04,0,NA,9,2629,NA,NA,NA,NA,NA,NA,1.38,98186856
"459","Vietnam",2021-04-05,0,NA,2,2631,NA,NA,NA,NA,NA,NA,1.39,98186856
"460","Vietnam",2021-04-06,0,NA,6,2637,NA,NA,NA,NA,NA,NA,1.41,98186856
"461","Vietnam",2021-04-07,0,NA,11,2648,NA,NA,NA,NA,NA,NA,1.4,98186856
"462","Vietnam",2021-04-08,0,NA,11,2659,NA,NA,NA,NA,NA,NA,1.39,98186856
"463","Vietnam",2021-04-09,0,NA,10,2669,NA,NA,NA,NA,NA,NA,1.39,98186856
"464","Vietnam",2021-04-10,0,NA,14,2683,NA,NA,NA,NA,NA,NA,1.36,98186856
"465","Vietnam",2021-04-11,0,NA,9,2692,NA,NA,NA,NA,NA,NA,1.34,98186856
"466","Vietnam",2021-04-12,0,NA,4,2696,NA,NA,NA,NA,NA,NA,1.36,98186856
"467","Vietnam",2021-04-13,0,NA,11,2707,NA,NA,NA,NA,NA,NA,1.36,98186856
"468","Vietnam",2021-04-14,0,NA,10,2717,NA,NA,NA,NA,NA,NA,1.36,98186856
"469","Vietnam",2021-04-15,0,NA,20,2737,NA,NA,NA,NA,NA,NA,1.33,98186856
"470","Vietnam",2021-04-16,0,NA,21,2758,NA,NA,NA,NA,NA,NA,1.29,98186856
"471","Vietnam",2021-04-17,0,NA,15,2773,NA,NA,NA,NA,NA,NA,1.24,98186856
"472","Vietnam",2021-04-18,0,NA,8,2781,NA,NA,NA,NA,NA,NA,1.21,98186856
"473","Vietnam",2021-04-19,0,NA,4,2785,NA,NA,NA,NA,NA,NA,1.2,98186856
"474","Vietnam",2021-04-20,0,NA,6,2791,NA,NA,NA,NA,NA,NA,1.2,98186856
"475","Vietnam",2021-04-21,0,NA,10,2801,NA,NA,NA,NA,NA,NA,1.2,98186856
"476","Vietnam",2021-04-22,0,NA,11,2812,NA,NA,NA,NA,NA,NA,1.21,98186856
"477","Vietnam",2021-04-23,0,NA,12,2824,NA,NA,NA,NA,NA,NA,1.23,98186856
"478","Vietnam",2021-04-24,0,NA,8,2832,NA,NA,NA,NA,NA,NA,1.26,98186856
"479","Vietnam",2021-04-25,0,NA,1,2833,NA,NA,NA,NA,NA,NA,1.32,98186856
"480","Vietnam",2021-04-26,0,NA,13,2846,NA,NA,NA,NA,NA,NA,1.38,98186856
"481","Vietnam",2021-04-27,0,NA,6,2852,NA,NA,NA,NA,NA,NA,1.45,98186856
"482","Vietnam",2021-04-28,0,NA,5,2857,NA,NA,NA,NA,NA,NA,1.54,98186856
"483","Vietnam",2021-04-29,0,NA,8,2865,NA,NA,NA,NA,NA,NA,1.64,98186856
"484","Vietnam",2021-04-30,0,NA,49,2914,NA,NA,NA,9407,NA,NA,1.66,98186856
"485","Vietnam",2021-05-01,0,NA,14,2928,NA,NA,NA,NA,NA,NA,1.67,98186856
"486","Vietnam",2021-05-02,0,NA,14,2942,NA,NA,NA,NA,NA,NA,1.71,98186856
"487","Vietnam",2021-05-03,0,NA,20,2962,NA,NA,NA,NA,NA,NA,1.76,98186856
"488","Vietnam",2021-05-04,0,NA,23,2985,NA,NA,NA,NA,NA,NA,1.81,98186856
"489","Vietnam",2021-05-05,0,NA,11,2996,NA,NA,NA,NA,NA,NA,1.88,98186856
"490","Vietnam",2021-05-06,0,NA,34,3030,NA,NA,NA,NA,NA,NA,1.94,98186856
"491","Vietnam",2021-05-07,0,NA,61,3091,NA,NA,NA,NA,NA,NA,1.99,98186856
"492","Vietnam",2021-05-08,0,NA,61,3152,NA,NA,NA,NA,NA,NA,2.02,98186856
"493","Vietnam",2021-05-09,0,NA,93,3245,NA,NA,NA,NA,NA,NA,2.01,98186856
"494","Vietnam",2021-05-10,0,NA,167,3412,NA,NA,NA,NA,NA,NA,1.94,98186856
"495","Vietnam",2021-05-11,0,NA,77,3489,NA,NA,NA,NA,NA,NA,1.88,98186856
"496","Vietnam",2021-05-12,0,NA,82,3571,NA,NA,NA,NA,NA,NA,1.82,98186856
"497","Vietnam",2021-05-13,0,NA,87,3658,NA,NA,NA,NA,NA,NA,1.78,98186856
"498","Vietnam",2021-05-14,0,NA,82,3740,NA,NA,NA,21042,NA,NA,1.77,98186856
"499","Vietnam",2021-05-15,0,NA,96,3836,NA,NA,NA,22512,NA,NA,1.76,98186856
"500","Vietnam",2021-05-16,0,NA,276,4112,NA,NA,NA,22561,NA,NA,1.7,98186856
"501","Vietnam",2021-05-17,0,NA,100,4212,NA,NA,NA,NA,NA,NA,1.66,98186856
"502","Vietnam",2021-05-18,0,NA,166,4378,NA,NA,NA,28852,NA,NA,1.61,98186856
"503","Vietnam",2021-05-19,0,NA,165,4543,NA,NA,NA,NA,NA,NA,1.57,98186856
"504","Vietnam",2021-05-20,0,NA,177,4720,NA,NA,NA,NA,NA,NA,1.52,98186856
"505","Vietnam",2021-05-21,0,NA,113,4833,NA,NA,NA,NA,NA,NA,1.51,98186856
"506","Vietnam",2021-05-22,0,NA,128,4961,NA,NA,NA,28961,NA,NA,1.49,98186856
"507","Vietnam",2021-05-23,0,NA,158,5119,NA,NA,NA,NA,NA,NA,1.49,98186856
"508","Vietnam",2021-05-24,0,NA,156,5275,NA,NA,NA,NA,NA,NA,1.49,98186856
"509","Vietnam",2021-05-25,0,NA,186,5461,NA,NA,NA,NA,NA,NA,1.5,98186856
"510","Vietnam",2021-05-26,0,NA,470,5931,NA,NA,NA,28961,NA,NA,1.45,98186856
"511","Vietnam",2021-05-27,0,NA,180,6111,NA,NA,NA,NA,NA,NA,1.41,98186856
"512","Vietnam",2021-05-28,0,NA,245,6356,NA,NA,NA,NA,NA,NA,1.38,98186856
"513","Vietnam",2021-05-29,0,NA,301,6657,NA,NA,NA,NA,NA,NA,1.37,98186856
"514","Vietnam",2021-05-30,47,47,251,6908,NA,NA,NA,NA,NA,NA,1.33,98186856
"515","Vietnam",2021-05-31,0,47,260,7168,NA,NA,NA,30602,NA,NA,1.3,98186856
"516","Vietnam",2021-06-01,0,47,264,7432,NA,NA,NA,NA,NA,NA,1.26,98186856
"517","Vietnam",2021-06-02,1,48,193,7625,NA,NA,NA,31177,NA,NA,1.23,98186856
"518","Vietnam",2021-06-03,1,49,245,7870,NA,NA,NA,31551,NA,NA,1.21,98186856
"519","Vietnam",2021-06-04,0,49,245,8115,NA,NA,NA,32401,NA,NA,1.2,98186856
"520","Vietnam",2021-06-05,2,51,249,8364,NA,NA,NA,33632,NA,NA,1.17,98186856
"521","Vietnam",2021-06-06,2,53,216,8580,NA,NA,NA,33643,NA,NA,1.17,98186856
"522","Vietnam",2021-06-07,0,53,211,8791,NA,NA,NA,38166,NA,NA,1.17,98186856
"523","Vietnam",2021-06-08,1,54,236,9027,NA,NA,NA,42115,NA,NA,1.17,98186856
"524","Vietnam",2021-06-09,2,56,195,9222,NA,NA,NA,47179,NA,NA,1.18,98186856
"525","Vietnam",2021-06-10,0,56,413,9635,NA,NA,NA,50023,NA,NA,1.17,98186856
"526","Vietnam",2021-06-11,0,56,200,9835,NA,NA,NA,53127,NA,NA,1.18,98186856
"527","Vietnam",2021-06-12,2,58,213,10048,NA,NA,NA,54385,NA,NA,1.18,98186856
"528","Vietnam",2021-06-13,1,59,289,10337,NA,NA,NA,55265,NA,NA,1.2,98186856
"529","Vietnam",2021-06-14,1,60,293,10630,NA,NA,NA,59608,NA,NA,1.22,98186856
"530","Vietnam",2021-06-15,0,60,251,10881,NA,NA,NA,63636,NA,NA,1.23,98186856
"531","Vietnam",2021-06-16,2,62,423,11304,NA,NA,NA,72325,NA,NA,1.23,98186856
"532","Vietnam",2021-06-17,0,62,490,11794,NA,NA,NA,89833,NA,NA,1.22,98186856
"533","Vietnam",2021-06-18,0,62,437,12231,NA,NA,NA,105856,NA,NA,1.21,98186856
"534","Vietnam",2021-06-19,1,63,277,12508,NA,NA,NA,115315,NA,NA,1.2,98186856
"535","Vietnam",2021-06-20,2,65,470,12978,NA,NA,NA,121683,NA,NA,1.2,98186856
"536","Vietnam",2021-06-21,2,67,280,13258,NA,NA,NA,NA,NA,NA,1.2,98186856
"537","Vietnam",2021-06-22,4,71,272,13530,NA,NA,NA,133843,NA,NA,1.21,98186856
"538","Vietnam",2021-06-23,0,71,252,13782,NA,NA,NA,137682,NA,NA,1.22,98186856
"539","Vietnam",2021-06-24,1,72,207,13989,NA,NA,NA,143121,NA,NA,1.25,98186856
"540","Vietnam",2021-06-25,3,75,334,14323,NA,NA,NA,150316,NA,NA,1.29,98186856
"541","Vietnam",2021-06-26,2,77,792,15115,NA,NA,NA,155488,NA,NA,1.34,98186856
"542","Vietnam",2021-06-27,0,77,210,15325,NA,NA,NA,157136,NA,NA,1.37,98186856
"543","Vietnam",2021-06-28,3,80,415,15740,NA,NA,NA,172994,NA,NA,1.39,98186856
"544","Vietnam",2021-06-29,2,82,396,16136,NA,NA,NA,182481,NA,NA,1.42,98186856
"545","Vietnam",2021-06-30,2,84,371,16507,NA,NA,NA,193041,NA,NA,1.46,98186856
"546","Vietnam",2021-07-01,3,87,545,17052,NA,NA,NA,204006,NA,NA,1.5,98186856
"547","Vietnam",2021-07-02,0,87,675,17727,NA,NA,NA,214405,NA,NA,1.54,98186856
"548","Vietnam",2021-07-03,5,92,633,18360,NA,NA,NA,218602,NA,NA,1.59,98186856
"549","Vietnam",2021-07-04,0,92,950,19310,NA,NA,NA,223336,NA,NA,1.62,98186856
"550","Vietnam",2021-07-05,7,99,951,20261,NA,NA,NA,226858,NA,NA,1.65,98186856
"551","Vietnam",2021-07-06,7,106,1051,21312,NA,NA,NA,235570,NA,NA,1.66,98186856
"552","Vietnam",2021-07-07,7,113,1029,22341,NA,NA,NA,241913,NA,NA,1.68,98186856
"553","Vietnam",2021-07-08,8,121,1044,23385,NA,NA,NA,249532,NA,NA,1.7,98186856
"554","Vietnam",2021-07-09,6,127,1425,24810,NA,NA,NA,258274,NA,NA,1.73,98186856
"555","Vietnam",2021-07-10,11,138,1798,26608,NA,NA,NA,271409,NA,NA,1.73,98186856
"556","Vietnam",2021-07-11,8,146,1862,28470,NA,NA,NA,277447,NA,NA,1.75,98186856
"557","Vietnam",2021-07-12,16,162,2008,30478,NA,NA,NA,280367,NA,NA,1.76,98186856
"558","Vietnam",2021-07-13,17,179,2187,32665,NA,NA,NA,283884,NA,NA,1.76,98186856
"559","Vietnam",2021-07-14,15,194,2744,35409,NA,NA,NA,286772,NA,NA,1.76,98186856
"560","Vietnam",2021-07-15,11,205,2830,38239,NA,NA,NA,294676,NA,NA,1.76,98186856
"561","Vietnam",2021-07-16,2,207,4049,42288,NA,NA,NA,298177,NA,NA,1.75,98186856
"562","Vietnam",2021-07-17,18,225,4004,46292,NA,NA,NA,304998,NA,NA,1.72,98186856
"563","Vietnam",2021-07-18,0,225,4710,51002,NA,NA,NA,306475,NA,NA,1.7,98186856
"564","Vietnam",2021-07-19,29,254,4843,55845,NA,NA,NA,309791,NA,NA,1.68,98186856
"565","Vietnam",2021-07-20,0,254,4335,60180,NA,NA,NA,317672,NA,NA,1.65,98186856
"566","Vietnam",2021-07-21,80,334,5427,65607,NA,NA,NA,324955,NA,NA,1.63,98186856
"567","Vietnam",2021-07-22,36,370,5537,71144,NA,NA,NA,334560,NA,NA,1.6,98186856
"568","Vietnam",2021-07-23,0,370,7125,78269,NA,NA,NA,353601,NA,NA,1.57,98186856
"569","Vietnam",2021-07-24,0,370,8688,86957,NA,NA,NA,372353,NA,NA,1.53,98186856
"570","Vietnam",2021-07-25,0,370,7956,94913,NA,NA,NA,389863,NA,NA,1.49,98186856
"571","Vietnam",2021-07-26,0,370,6260,101173,NA,NA,NA,423071,NA,NA,1.45,98186856
"572","Vietnam",2021-07-27,154,524,7938,109111,NA,NA,NA,450836,NA,NA,1.43,98186856
"573","Vietnam",2021-07-28,0,524,8010,117121,NA,NA,NA,496630,NA,NA,1.39,98186856
"574","Vietnam",2021-07-29,106,630,6519,123640,NA,NA,NA,546402,NA,NA,1.36,98186856
"575","Vietnam",2021-07-30,392,1022,9765,133405,NA,NA,NA,588893,NA,NA,1.32,98186856
"576","Vietnam",2021-07-31,139,1161,7717,141122,NA,NA,NA,620611,NA,NA,1.29,98186856
"577","Vietnam",2021-08-01,145,1306,8938,150060,NA,NA,NA,659064,NA,NA,1.27,98186856
"578","Vietnam",2021-08-02,0,1306,7447,157507,NA,NA,NA,712864,NA,NA,1.25,98186856
"579","Vietnam",2021-08-03,575,1881,7832,165339,NA,NA,NA,744331,NA,NA,1.25,98186856
"580","Vietnam",2021-08-04,190,2071,9122,174461,NA,NA,NA,778986,NA,NA,1.22,98186856
"581","Vietnam",2021-08-05,256,2327,7295,181756,NA,NA,NA,820023,NA,NA,1.2,98186856
"582","Vietnam",2021-08-06,393,2720,7310,189066,NA,NA,NA,863323,NA,NA,1.18,98186856
"583","Vietnam",2021-08-07,296,3016,8109,197175,NA,NA,NA,888459,NA,NA,1.18,98186856
"584","Vietnam",2021-08-08,234,3250,8481,205656,NA,NA,NA,945806,NA,NA,1.17,98186856
"585","Vietnam",2021-08-09,147,3397,9904,215560,NA,NA,NA,1003287,NA,NA,1.16,98186856
"586","Vietnam",2021-08-10,360,3757,9334,224894,NA,NA,NA,1036102,NA,NA,1.14,98186856
"587","Vietnam",2021-08-11,388,4145,8043,232937,NA,NA,NA,1092700,NA,NA,1.13,98186856
"588","Vietnam",2021-08-12,342,4487,8606,241543,NA,NA,NA,1191855,NA,NA,1.12,98186856
"589","Vietnam",2021-08-13,326,4813,5025,246568,NA,NA,NA,1271973,NA,NA,1.12,98186856
"590","Vietnam",2021-08-14,275,5088,9180,255748,NA,NA,NA,1355677,NA,NA,1.13,98186856
"591","Vietnam",2021-08-15,349,5437,9716,265464,NA,NA,NA,1379274,NA,NA,1.13,98186856
"592","Vietnam",2021-08-16,337,5774,9580,275044,NA,NA,NA,1401834,NA,NA,1.13,98186856
"593","Vietnam",2021-08-17,367,6141,8652,283696,NA,NA,NA,1486425,NA,NA,1.13,98186856
"594","Vietnam",2021-08-18,331,6472,9605,293301,NA,NA,NA,1562669,NA,NA,1.14,98186856
"595","Vietnam",2021-08-19,298,6770,8656,301957,NA,NA,NA,1636372,NA,NA,1.14,98186856
"596","Vietnam",2021-08-20,380,7150,10654,312611,NA,NA,NA,1707066,NA,NA,1.15,98186856
"597","Vietnam",2021-08-21,390,7540,10657,323268,NA,NA,NA,1791248,NA,NA,1.15,98186856
"598","Vietnam",2021-08-22,0,7540,13439,336707,NA,NA,NA,1834348,NA,NA,1.15,98186856
"599","Vietnam",2021-08-23,737,8277,11352,348059,NA,NA,NA,1922313,NA,NA,1.15,98186856
"600","Vietnam",2021-08-24,389,8666,10397,358456,NA,NA,NA,2039251,NA,NA,1.14,98186856
"601","Vietnam",2021-08-25,348,9014,10811,369267,NA,NA,NA,2139545,NA,NA,1.14,98186856
"602","Vietnam",2021-08-26,335,9349,12096,381363,NA,NA,NA,2235013,NA,NA,1.14,98186856
"603","Vietnam",2021-08-27,318,9667,11575,392938,NA,NA,NA,2328431,NA,NA,1.14,98186856
"604","Vietnam",2021-08-28,386,10053,17428,410366,NA,NA,NA,2431205,NA,NA,1.13,98186856
"605","Vietnam",2021-08-29,352,10405,12103,422469,NA,NA,NA,2524407,NA,NA,1.11,98186856
"606","Vietnam",2021-08-30,344,10749,12796,435265,NA,NA,NA,2619186,NA,NA,1.1,98186856
"607","Vietnam",2021-08-31,315,11064,14224,449489,NA,NA,NA,2726563,NA,NA,1.09,98186856
"608","Vietnam",2021-09-01,0,11064,12603,462092,NA,NA,NA,2881553,NA,NA,1.07,98186856
"609","Vietnam",2021-09-02,804,11868,11438,473530,NA,NA,NA,2959122,NA,NA,1.06,98186856
"610","Vietnam",2021-09-03,270,12138,13197,486727,NA,NA,NA,3047525,NA,NA,1.05,98186856
"611","Vietnam",2021-09-04,308,12446,14922,501649,NA,NA,NA,3198545,NA,NA,1.04,98186856
"612","Vietnam",2021-09-05,347,12793,9521,511170,NA,NA,NA,3338783,NA,NA,1.03,98186856
"613","Vietnam",2021-09-06,281,13074,13137,524307,NA,NA,NA,3444406,NA,NA,1.03,98186856
"614","Vietnam",2021-09-07,311,13385,12481,536788,NA,NA,NA,3768683,NA,NA,1.02,98186856
"615","Vietnam",2021-09-08,316,13701,14208,550996,NA,NA,NA,4189782,NA,NA,1.01,98186856
"616","Vietnam",2021-09-09,434,14135,12680,563676,NA,NA,NA,4467586,NA,NA,0.99,98186856
"617","Vietnam",2021-09-10,335,14470,12420,576096,NA,NA,NA,4740764,NA,NA,0.98,98186856
"618","Vietnam",2021-09-11,275,14745,13321,589417,NA,NA,NA,5056325,NA,NA,0.97,98186856
"619","Vietnam",2021-09-12,273,15018,11932,601349,NA,NA,NA,5326059,NA,NA,0.96,98186856
"620","Vietnam",2021-09-13,261,15279,12026,613375,NA,NA,NA,5621403,NA,NA,0.95,98186856
"621","Vietnam",2021-09-14,381,15660,11172,624547,NA,45095067,NA,5834687,NA,NA,0.94,98186856
"622","Vietnam",2021-09-15,276,15936,10508,635055,718063,45813130,NA,5988864,NA,NA,0.93,98186856
"623","Vietnam",2021-09-16,250,16186,10585,645640,884347,46697477,NA,6184726,NA,NA,0.92,98186856
"624","Vietnam",2021-09-17,239,16425,10489,656129,795175,47492652,NA,6347095,NA,NA,0.92,98186856
"625","Vietnam",2021-09-18,212,16637,11521,667650,560173,48052825,NA,6517771,NA,NA,0.91,98186856
"626","Vietnam",2021-09-19,220,16857,9373,677023,443937,48496762,NA,6640061,NA,NA,0.9,98186856
"627","Vietnam",2021-09-20,233,17090,10040,687063,413463,48910225,NA,6783707,NA,NA,0.9,98186856
"628","Vietnam",2021-09-21,215,17305,8681,695744,393435,49303660,0.0172,6930160,NA,NA,0.9,98186856
"629","Vietnam",2021-09-22,240,17545,11692,707436,431636,49735296,0.0187,7058109,NA,NA,0.89,98186856
"630","Vietnam",2021-09-23,236,17781,11527,718963,569083,50304379,0.02,7259412,NA,NA,0.88,98186856
"631","Vietnam",2021-09-24,439,18220,9472,728435,422688,50727067,0.0214,7555545,NA,NA,0.87,98186856
"632","Vietnam",2021-09-25,0,18220,8537,736972,400433,51127500,0.0227,7946283,NA,NA,0.86,98186856
"633","Vietnam",2021-09-26,180,18400,9706,746678,432433,51559933,0.0227,8286558,NA,NA,0.85,98186856
"634","Vietnam",2021-09-27,184,18584,10011,756689,344543,51904476,0.0235,8597064,NA,NA,0.84,98186856
"635","Vietnam",2021-09-28,174,18758,9362,766051,130796,52035272,0.0231,8981400,NA,NA,0.82,98186856
"636","Vietnam",2021-09-29,178,18936,4589,770640,311841,52347113,0.0231,9496111,NA,NA,0.81,98186856
"637","Vietnam",2021-09-30,162,19098,8758,779398,343844,52690957,0.0261,9818448,NA,NA,0.8,98186856
"638","Vietnam",2021-10-01,203,19301,11357,790755,655644,53346601,0.0232,10126423,NA,NA,0.78,98186856
"639","Vietnam",2021-10-02,136,19437,6957,797712,374419,53721020,0.0218,10482392,NA,NA,0.77,98186856
"640","Vietnam",2021-10-03,164,19601,5490,803202,292690,54013710,0.0211,10873929,NA,NA,0.75,98186856
"641","Vietnam",2021-10-04,114,19715,5376,808578,297586,54311296,0.0199,11613917,NA,NA,0.74,98186856
"642","Vietnam",2021-10-05,130,19845,5383,813961,307444,54618740,0.0185,12221677,NA,NA,0.73,98186856
"643","Vietnam",2021-10-06,134,19979,4363,818324,302319,54921059,0.0168,12806398,NA,NA,0.73,98186856
"644","Vietnam",2021-10-07,119,20098,4363,822687,187746,55108805,0.0149,NA,NA,NA,0.73,98186856
"645","Vietnam",2021-10-08,125,20223,4150,826837,308169,55416974,0.0164,14242628,NA,NA,0.73,98186856
"646","Vietnam",2021-10-09,114,20337,4784,831621,200798,55617772,0.0174,NA,NA,NA,0.74,98186856
"647","Vietnam",2021-10-10,105,20442,4513,836134,351495,55969267,0.0159,15581428,NA,NA,0.74,98186856
"648","Vietnam",2021-10-11,113,20555,3528,839662,205382,56174649,0.0157,16141038,NA,NA,0.75,98186856
"649","Vietnam",2021-10-12,115,20670,3619,843281,292080,56466729,0.0151,16493600,NA,NA,0.76,98186856
"650","Vietnam",2021-10-13,93,20763,2949,846230,339652,56806381,0.0143,16802200,NA,NA,0.77,98186856
"651","Vietnam",2021-10-14,106,20869,3461,849691,261986,57068367,0.0138,17191810,NA,NA,0.79,98186856
"652","Vietnam",2021-10-15,81,20950,4151,853842,211630,57279997,0.014,NA,NA,NA,0.8,98186856
"653","Vietnam",2021-10-16,93,21043,3797,857639,245424,57525421,0.013,17849651,NA,NA,0.82,98186856
"654","Vietnam",2021-10-17,88,21131,3221,860860,202147,57727568,0.0139,18152243,NA,NA,0.84,98186856
"655","Vietnam",2021-10-18,63,21194,3193,864053,NA,NA,0.0136,18498737,NA,NA,0.86,98186856
"656","Vietnam",2021-10-19,75,21269,3168,867221,NA,58153989,0.0142,19086016,NA,NA,0.88,98186856
"657","Vietnam",2021-10-20,75,21344,3034,870255,188790,58342779,0.0158,19457563,NA,NA,0.91,98186856
"658","Vietnam",2021-10-21,72,21416,3646,873901,217370,58560149,0.0159,NA,NA,NA,0.93,98186856
"659","Vietnam",2021-10-22,21,21437,3636,877537,232134,58792283,0.0158,20731417,NA,NA,0.96,98186856
"660","Vietnam",2021-10-23,106,21543,3985,881522,184542,58976825,0.0166,21045837,NA,NA,0.99,98186856
"661","Vietnam",2021-10-24,77,21620,3373,884895,186901,59163726,0.0173,NA,NA,NA,1.01,98186856
"662","Vietnam",2021-10-25,53,21673,4045,888940,153097,59316823,0.0184,NA,NA,NA,1.04,98186856
"663","Vietnam",2021-10-26,65,21738,3639,892579,NA,NA,0.02,NA,NA,NA,1.06,98186856
"664","Vietnam",2021-10-27,64,21802,3595,896174,NA,59584770,0.0215,NA,NA,NA,1.09,98186856
"665","Vietnam",2021-10-28,54,21856,4411,900585,201090,59785860,0.0228,NA,NA,NA,1.12,98186856
"666","Vietnam",2021-10-29,54,21910,4892,905477,167733,59953593,0.0248,NA,NA,NA,1.14,98186856
"667","Vietnam",2021-10-30,56,21966,4899,910376,175896,60129489,0.0266,NA,NA,NA,1.16,98186856
"668","Vietnam",2021-10-31,64,22030,5227,915603,234948,60364437,0.0268,NA,NA,NA,1.18,98186856
"669","Vietnam",2021-11-01,53,22083,5519,921122,170665,60535102,0.028,NA,NA,NA,1.2,98186856
"670","Vietnam",2021-11-02,52,22135,5598,926720,205060,60740162,0.0281,NA,NA,NA,1.21,98186856
"671","Vietnam",2021-11-03,70,22205,5637,932357,355510,61095672,0.0257,NA,NA,NA,1.23,98186856
"672","Vietnam",2021-11-04,78,22283,7106,939463,193462,61289134,0.027,NA,NA,NA,1.24,98186856
"673","Vietnam",2021-11-05,59,22342,6580,946043,347309,61636443,0.0257,NA,NA,NA,1.24,98186856
"674","Vietnam",2021-11-06,70,22412,7504,953547,261780,61898223,0.0257,NA,NA,NA,1.25,98186856
"675","Vietnam",2021-11-07,58,22470,7491,961038,314755,62212978,0.0257,NA,NA,NA,1.25,98186856
"676","Vietnam",2021-11-08,61,22531,7646,968684,243920,62456898,0.026,NA,NA,NA,1.25,98186856
"677","Vietnam",2021-11-09,67,22598,7988,976672,282887,62739785,0.0262,NA,NA,NA,1.24,98186856
"678","Vietnam",2021-11-10,88,22686,8133,984805,237046,62976831,0.0283,NA,NA,NA,1.24,98186856
"679","Vietnam",2021-11-11,79,22765,7930,992735,406901,63383732,0.0262,NA,NA,NA,1.24,98186856
"680","Vietnam",2021-11-12,84,22849,8162,1000897,292234,63675966,0.0276,NA,NA,NA,1.24,98186856
"681","Vietnam",2021-11-13,81,22930,8982,1009879,379710,64055676,0.0266,NA,NA,NA,1.24,98186856
"682","Vietnam",2021-11-14,88,23018,8467,1018346,220703,64276379,0.028,NA,NA,NA,1.24,98186856
"683","Vietnam",2021-11-15,64,23082,8176,1026522,199650,64476029,0.029,NA,NA,NA,1.24,98186856
"684","Vietnam",2021-11-16,101,23183,8616,1035138,238597,64714626,0.0307,NA,NA,NA,1.25,98186856
"685","Vietnam",2021-11-17,87,23270,10259,1045397,280186,64994812,0.031,NA,NA,NA,1.25,98186856
"686","Vietnam",2021-11-18,67,23337,9849,1055246,201106,65195918,0.0356,NA,NA,NA,1.26,98186856
"687","Vietnam",2021-11-19,139,23476,10223,1065469,280046,65475964,0.0362,NA,NA,NA,1.27,98186856
"688","Vietnam",2021-11-20,102,23578,9625,1075094,226296,65702260,0.0403,NA,NA,NA,1.28,98186856
"689","Vietnam",2021-11-21,107,23685,9531,1084625,188844,65891104,0.0421,NA,NA,NA,1.3,98186856
"690","Vietnam",2021-11-22,76,23761,9889,1094514,234369,66125473,0.0423,NA,NA,NA,1.32,98186856
"691","Vietnam",2021-11-23,190,23951,10321,1104835,244547,66370020,0.0595,NA,NA,NA,1.34,98186856
"692","Vietnam",2021-11-24,167,24118,39132,1143967,316973,66686993,0.0594,NA,NA,NA,1.3,98186856
"693","Vietnam",2021-11-25,125,24243,11811,1155778,NA,NA,0.0572,NA,NA,NA,1.25,98186856
"694","Vietnam",2021-11-26,164,24407,12450,1168228,NA,NA,0.0583,NA,NA,NA,1.22,98186856
"695","Vietnam",2021-11-27,137,24544,13109,1181337,NA,NA,0.0593,NA,NA,NA,1.2,98186856
"696","Vietnam",2021-11-28,148,24692,16067,1197404,NA,NA,0.0574,NA,NA,NA,1.18,98186856
"697","Vietnam",2021-11-29,190,24882,12936,1210340,NA,NA,0.0571,NA,NA,NA,1.16,98186856
"698","Vietnam",2021-11-30,173,25055,13770,1224110,NA,NA,0.0438,NA,NA,NA,1.14,98186856
"699","Vietnam",2021-12-01,197,25252,13972,1238082,NA,NA,0.0453,NA,NA,NA,1.12,98186856
"700","Vietnam",2021-12-02,196,25448,14508,1252590,NA,NA,0.0459,53224715,NA,NA,1.11,98186856
"701","Vietnam",2021-12-03,210,25658,13698,1266288,NA,69433777,0.0465,NA,NA,NA,1.11,98186856
"702","Vietnam",2021-12-04,200,25858,14492,1280780,264655,69698432,0.0465,NA,NA,NA,1.1,98186856
"703","Vietnam",2021-12-05,203,26061,13998,1294778,38829,69737261,0.054,NA,NA,NA,1.09,98186856
"704","Vietnam",2021-12-06,199,26260,14314,1309092,209881,69947142,0.0574,NA,NA,NA,1.09,98186856
"705","Vietnam",2021-12-07,223,26483,14591,1323683,199666,70146808,0.0611,NA,NA,NA,1.08,98186856
"706","Vietnam",2021-12-08,217,26700,13840,1337523,281180,70427988,0.062,NA,NA,NA,1.08,98186856
"707","Vietnam",2021-12-09,230,26930,14599,1352122,264323,70692311,0.0647,56385381,NA,NA,1.08,98186856
"708","Vietnam",2021-12-10,256,27186,15311,1367433,NA,NA,0.0682,NA,NA,NA,1.09,98186856
"709","Vietnam",2021-12-11,216,27402,14839,1382272,NA,71152452,0.0713,NA,NA,NA,1.09,98186856
"710","Vietnam",2021-12-12,209,27611,16141,1398413,170009,71322461,0.0656,NA,NA,NA,1.09,98186856
"711","Vietnam",2021-12-13,228,27839,14638,1413051,10119,71332580,0.0756,NA,NA,NA,1.09,98186856
"712","Vietnam",2021-12-14,242,28081,15377,1428428,139945,71472525,0.0801,NA,NA,NA,1.09,98186856
"713","Vietnam",2021-12-15,252,28333,15220,1443648,299463,71771988,0.0797,NA,NA,NA,1.1,98186856
"714","Vietnam",2021-12-16,283,28616,15527,1459175,142729,71914717,0.1029,NA,NA,NA,1.11,98186856
"715","Vietnam",2021-12-17,241,28857,34062,1493237,144331,72059048,0.111,NA,NA,NA,1.08,98186856
"716","Vietnam",2021-12-18,246,29103,15236,1508473,446252,72505300,0.0931,NA,NA,NA,1.07,98186856
"717","Vietnam",2021-12-19,248,29351,15895,1524368,196538,72701838,0.0924,NA,NA,NA,1.05,98186856
"718","Vietnam",2021-12-20,215,29566,16110,1540478,138512,72840350,0.0842,NA,NA,NA,1.04,98186856
"719","Vietnam",2021-12-21,225,29791,14977,1555455,197251,73037601,0.0819,NA,NA,NA,1.03,98186856
"720","Vietnam",2021-12-22,250,30041,16325,1571780,224037,73261638,0.0867,NA,NA,NA,1.02,98186856
"721","Vietnam",2021-12-23,210,30251,16555,1588335,170839,73432477,0.0734,NA,NA,NA,1.02,98186856
"722","Vietnam",2021-12-24,280,30531,16377,1604712,177212,73609689,0.0725,NA,NA,NA,1.02,98186856
"723","Vietnam",2021-12-25,235,30766,16157,1620869,214645,73824334,0.085,NA,NA,NA,1.01,98186856
"724","Vietnam",2021-12-26,241,31007,15586,1636455,NA,NA,0.092,NA,NA,NA,1.01,98186856
"725","Vietnam",2021-12-27,207,31214,15218,1651673,NA,73996693,0.0961,NA,NA,NA,1.01,98186856
"726","Vietnam",2021-12-28,204,31418,14872,1666545,NA,NA,0.0911,NA,NA,NA,1.01,98186856
"727","Vietnam",2021-12-29,214,31632,14440,1680985,NA,74476728,0.0877,NA,NA,NA,1.02,98186856
"728","Vietnam",2021-12-30,245,31877,13889,1694874,160311,74637039,0.0913,68435813,NA,NA,1.03,98186856
"729","Vietnam",2021-12-31,291,32168,19868,1714742,NA,NA,0.0926,NA,NA,NA,1.03,98186856
"730","Vietnam",2022-01-01,226,32394,16515,1731257,NA,74967758,0.0959,NA,NA,NA,1.04,98186856
"731","Vietnam",2022-01-02,216,32610,14835,1746092,116852,75084610,0.0949,NA,NA,NA,1.05,98186856
"732","Vietnam",2022-01-03,221,32831,16948,1763040,86025,75170635,0.0958,NA,NA,NA,1.05,98186856
"733","Vietnam",2022-01-04,190,33021,15936,1778976,NA,NA,0.1218,NA,NA,NA,1.06,98186856
"734","Vietnam",2022-01-05,224,33245,21728,1800704,NA,75268432,0.1552,NA,NA,NA,1.06,98186856
"735","Vietnam",2022-01-06,230,33475,17017,1817721,114964,75383396,0.1726,NA,NA,NA,1.06,98186856
"736","Vietnam",2022-01-07,169,33644,25842,1843563,117044,75500440,0.1842,NA,NA,NA,1.06,98186856
"737","Vietnam",2022-01-08,233,33877,16278,1859841,93088,75593528,0.2082,NA,NA,NA,1.05,98186856
"738","Vietnam",2022-01-09,240,34117,16553,1876394,92439,75685967,0.227,NA,NA,NA,1.05,98186856
"739","Vietnam",2022-01-10,414,34531,23181,1899575,70430,75756397,0.2312,NA,NA,NA,1.04,98186856
"740","Vietnam",2022-01-11,256,34787,14818,1914393,100932,75857329,0.2034,NA,NA,NA,1.03,98186856
"741","Vietnam",2022-01-12,177,34964,16035,1930428,NA,NA,0.2169,NA,NA,NA,1.03,98186856
"742","Vietnam",2022-01-13,206,35170,28291,1958719,NA,75979528,0.2212,71946807,NA,NA,1.01,98186856
"743","Vietnam",2022-01-14,171,35341,16725,1975444,77586,76057114,0.2365,NA,NA,NA,1.01,98186856
"744","Vietnam",2022-01-15,139,35480,16040,1991484,119852,76176966,0.2253,NA,NA,NA,1,98186856
"745","Vietnam",2022-01-16,129,35609,16378,2007862,NA,NA,0.2227,NA,NA,NA,1,98186856
"746","Vietnam",2022-01-17,179,35788,15684,2023546,NA,76308450,0.1977,NA,NA,NA,1,98186856
"747","Vietnam",2022-01-18,184,35972,21744,2045290,98448,76406898,0.2396,NA,NA,NA,1.02,98186856
"748","Vietnam",2022-01-19,142,36114,16838,2062128,59777,76466675,0.2177,NA,NA,NA,1.01,98186856
"749","Vietnam",2022-01-20,152,36266,15959,2078087,67938,76534613,0.215,NA,NA,NA,1,98186856
"750","Vietnam",2022-01-21,177,36443,16715,2094802,94839,76629452,0.2084,NA,NA,NA,0.99,98186856
"751","Vietnam",2022-01-22,153,36596,15935,2110737,79457,76708909,0.2229,NA,NA,NA,0.98,98186856
"752","Vietnam",2022-01-23,123,36719,15707,2126444,49090,76757999,0.2288,NA,NA,NA,0.98,98186856
"753","Vietnam",2022-01-24,165,36884,14978,2141422,38164,76796163,0.2711,NA,NA,NA,0.98,98186856
"754","Vietnam",2022-01-25,126,37010,14362,2155784,31308,76827471,0.2601,NA,NA,NA,0.98,98186856
"755","Vietnam",2022-01-26,155,37165,15743,2171527,103063,76930534,0.2358,NA,NA,NA,0.99,98186856
"756","Vietnam",2022-01-27,126,37291,15954,2187481,45382,76975916,0.2457,NA,NA,NA,0.99,98186856
"757","Vietnam",2022-01-28,141,37432,15727,2203208,83808,77059724,0.2496,NA,NA,NA,1,98186856
"758","Vietnam",2022-01-29,115,37547,14929,2218137,84029,77143753,0.2457,NA,NA,NA,1.01,98186856
"759","Vietnam",2022-01-30,121,37668,15150,2233287,23897,77167650,0.2969,NA,NA,NA,1.03,98186856
"760","Vietnam",2022-01-31,109,37777,29766,2263053,44143,77211793,0.2886,NA,NA,NA,1.02,98186856
"761","Vietnam",2022-02-01,0,37777,12674,2275727,NA,NA,0.2849,NA,NA,NA,1.01,98186856
"762","Vietnam",2022-02-02,0,37777,11023,2286750,NA,77252039,0.336,NA,NA,NA,1.01,98186856
"763","Vietnam",2022-02-03,286,38063,8744,2295494,11702,77263741,0.3505,NA,NA,NA,1.03,98186856
"764","Vietnam",2022-02-04,84,38147,8601,2304095,9829,77273570,0.4562,74187748,NA,NA,1.07,98186856
"765","Vietnam",2022-02-05,114,38261,11594,2315689,14391,77287961,0.6558,NA,NA,NA,1.11,98186856
"766","Vietnam",2022-02-06,63,38324,12170,2327859,17912,77305873,0.571,NA,NA,NA,1.15,98186856
"767","Vietnam",2022-02-07,100,38424,14112,2341971,35684,77341557,0.6401,NA,NA,NA,1.2,98186856
"768","Vietnam",2022-02-08,97,38521,16815,2358786,NA,NA,0.5577,NA,NA,NA,1.25,98186856
"769","Vietnam",2022-02-09,93,38614,21909,2380695,NA,NA,0.5269,NA,NA,NA,1.29,98186856
"770","Vietnam",2022-02-10,74,38688,23956,2404651,NA,77518004,0.4979,76057017,NA,NA,1.32,98186856
"771","Vietnam",2022-02-11,96,38784,26032,2430683,NA,NA,0.4397,76112928,NA,NA,1.34,98186856
"772","Vietnam",2022-02-12,78,38862,26487,2457170,NA,NA,0.4071,76162865,NA,NA,1.37,98186856
"773","Vietnam",2022-02-13,84,38946,27311,2484481,NA,NA,0.3802,76182386,NA,NA,1.39,98186856
"774","Vietnam",2022-02-14,91,39037,26379,2510860,NA,77827425,0.3735,NA,NA,NA,1.41,98186856
"775","Vietnam",2022-02-15,85,39122,29413,2540273,NA,NA,0.3545,NA,NA,NA,1.43,98186856
"776","Vietnam",2022-02-16,66,39188,31814,2572087,NA,78053232,0.3403,NA,NA,NA,1.45,98186856
"777","Vietnam",2022-02-17,90,39278,34737,2606824,NA,NA,0.3327,NA,NA,NA,1.47,98186856
"778","Vietnam",2022-02-18,80,39358,36200,2643024,NA,78259191,0.3439,NA,NA,NA,1.5,98186856
"779","Vietnam",2022-02-19,65,39423,42439,2685463,NA,NA,0.382,NA,NA,NA,1.52,98186856
"780","Vietnam",2022-02-20,78,39501,54830,2740293,NA,NA,0.4095,NA,NA,NA,1.53,98186856
"781","Vietnam",2022-02-21,104,39605,47200,2787493,NA,78508813,0.4316,NA,NA,NA,1.55,98186856
"782","Vietnam",2022-02-22,77,39682,46880,2834373,78145,78586958,0.4925,NA,NA,NA,1.57,98186856
"783","Vietnam",2022-02-23,37,39719,55879,2890252,77873,78664831,0.5977,76747997,NA,NA,1.58,98186856
"784","Vietnam",2022-02-24,165,39884,82126,2972378,89259,78754090,0.6665,76764139,NA,NA,1.59,98186856
"785","Vietnam",2022-02-25,78,39962,69128,3041506,93961,78848051,0.7384,76773585,NA,NA,1.6,98186856
"786","Vietnam",2022-02-26,88,40050,78795,3120301,123480,78971531,0.7612,76783305,NA,NA,1.61,98186856
"787","Vietnam",2022-02-27,94,40144,98876,3219177,107232,79078763,0.8168,76799876,NA,NA,1.62,98186856
"788","Vietnam",2022-02-28,108,40252,101828,3321005,120217,79198980,0.8826,77052498,NA,NA,1.62,98186856
"789","Vietnam",2022-03-01,86,40338,122480,3443485,110214,79309194,0.9237,77071397,NA,NA,1.61,98186856
"790","Vietnam",2022-03-02,114,40452,114144,3557629,201554,79510748,0.8714,77095637,NA,NA,1.6,98186856
"791","Vietnam",2022-03-03,95,40547,151852,3709481,NA,NA,0.9048,NA,NA,NA,1.59,98186856
"792","Vietnam",2022-03-04,97,40644,176150,3885631,NA,79863303,0.9249,NA,NA,NA,1.57,98186856
"793","Vietnam",2022-03-05,82,40726,173631,4059262,95575,79958878,NA,77419867,NA,NA,1.54,98186856
"794","Vietnam",2022-03-06,87,40813,173258,4232520,165891,80124769,NA,77454922,NA,NA,1.52,98186856
"795","Vietnam",2022-03-07,78,40891,202180,4434700,205084,80329853,NA,77489877,NA,NA,1.49,98186856
"796","Vietnam",2022-03-08,86,40977,147358,4582058,245057,80574910,0.9633,77509406,NA,NA,1.47,98186856
"797","Vietnam",2022-03-09,109,41086,194815,4776873,NA,NA,NA,77523834,NA,NA,1.45,98186856
"798","Vietnam",2022-03-10,71,41157,265163,5042036,NA,NA,NA,NA,NA,NA,1.42,98186856
"799","Vietnam",2022-03-11,71,41228,218459,5260495,NA,81001418,NA,NA,NA,NA,1.39,98186856
"800","Vietnam",2022-03-12,62,41290,188440,5448935,NA,NA,NA,77601333,NA,NA,1.37,98186856
"801","Vietnam",2022-03-13,95,41385,454212,5903147,NA,NA,NA,NA,NA,NA,1.32,98186856
"802","Vietnam",2022-03-14,92,41477,209501,6112648,NA,81738760,NA,NA,NA,NA,1.27,98186856
"803","Vietnam",2022-03-15,68,41545,264790,6377438,NA,NA,NA,77637834,NA,NA,1.23,98186856
"804","Vietnam",2022-03-16,62,41607,175480,6552918,NA,NA,NA,NA,NA,NA,1.19,98186856
"805","Vietnam",2022-03-17,76,41683,267540,6820458,NA,NA,NA,NA,NA,NA,1.15,98186856
"806","Vietnam",2022-03-18,57,41740,353965,7174423,NA,82412626,NA,77674112,NA,NA,1.11,98186856
"807","Vietnam",2022-03-19,77,41817,192689,7367112,NA,NA,NA,77677923,NA,NA,1.07,98186856
"808","Vietnam",2022-03-20,63,41880,424729,7791841,NA,82862859,NA,77686643,NA,NA,1.02,98186856
"809","Vietnam",2022-03-21,69,41949,166207,7958048,185755,83048614,NA,77696920,NA,NA,0.97,98186856
"810","Vietnam",2022-03-22,65,42014,131713,8089761,NA,NA,NA,77754108,NA,NA,0.93,98186856
"811","Vietnam",2022-03-23,61,42075,249153,8338914,NA,NA,NA,NA,NA,NA,0.89,98186856
"812","Vietnam",2022-03-24,70,42145,140837,8479751,NA,NA,NA,NA,NA,NA,0.85,98186856
"813","Vietnam",2022-03-25,51,42196,120000,8599751,NA,NA,NA,77833859,NA,NA,0.83,98186856
"814","Vietnam",2022-03-26,62,42258,161501,8761252,NA,NA,0.9913,77846543,NA,NA,0.81,98186856
"815","Vietnam",2022-03-27,48,42306,158305,8919557,NA,83920695,0.9958,77853733,NA,NA,0.79,98186856
"816","Vietnam",2022-03-28,52,42358,91916,9011473,107293,84027988,NA,77875771,NA,NA,0.77,98186856
"817","Vietnam",2022-03-29,55,42413,263376,9274849,NA,NA,NA,77907529,NA,NA,0.73,98186856
"818","Vietnam",2022-03-30,41,42454,111640,9386489,NA,NA,NA,NA,NA,NA,0.7,98186856
"819","Vietnam",2022-03-31,39,42493,85765,9472254,NA,NA,NA,77940414,NA,NA,0.68,98186856
"820","Vietnam",2022-04-01,33,42526,92355,9564609,NA,84412291,NA,NA,NA,NA,0.66,98186856
"821","Vietnam",2022-04-02,37,42563,86054,9650663,78053,84490344,NA,77953607,NA,NA,0.64,98186856
"822","Vietnam",2022-04-03,37,42600,65619,9716282,82183,84572527,NA,NA,NA,NA,0.63,98186856
"823","Vietnam",2022-04-04,42,42642,102046,9818328,NA,NA,0.9602,NA,NA,NA,0.61,98186856
"824","Vietnam",2022-04-05,39,42681,48717,9867045,NA,NA,0.9034,77975929,NA,NA,0.6,98186856
"825","Vietnam",2022-04-06,31,42712,54995,9922040,NA,84789075,0.8933,77984350,NA,NA,0.59,98186856
"826","Vietnam",2022-04-07,21,42733,58424,9980464,56715,84845790,0.9556,NA,NA,NA,0.58,98186856
"827","Vietnam",2022-04-08,35,42768,90228,10070692,NA,NA,0.9951,78392454,NA,NA,0.57,98186856
"828","Vietnam",2022-04-09,26,42794,65097,10135789,NA,NA,0.9787,78397756,NA,NA,0.56,98186856
"829","Vietnam",2022-04-10,19,42813,34140,10169929,NA,85007902,0.8726,NA,NA,NA,0.55,98186856
"830","Vietnam",2022-04-11,17,42830,28307,10198236,NA,NA,0.769,NA,NA,NA,0.55,98186856
"831","Vietnam",2022-04-12,28,42858,51924,10250160,NA,NA,0.6256,78409260,NA,NA,0.54,98186856
"832","Vietnam",2022-04-13,20,42878,22804,10272964,NA,NA,0.5084,78424106,NA,NA,0.54,98186856
"833","Vietnam",2022-04-14,23,42901,24623,10297587,NA,85547798,0.356,78431645,NA,NA,0.54,98186856
"834","Vietnam",2022-04-15,23,42924,23012,10320599,NA,NA,0.3731,78445228,NA,NA,0.55,98186856
"835","Vietnam",2022-04-16,10,42934,73934,10394533,NA,NA,0.3619,78453542,NA,NA,0.54,98186856
"836","Vietnam",2022-04-17,10,42944,23354,10417887,NA,85684619,0.3462,78458405,NA,NA,0.53,98186856
"837","Vietnam",2022-04-18,13,42957,14660,10432547,NA,NA,0.4029,78466559,NA,NA,0.53,98186856
"838","Vietnam",2022-04-19,18,42975,43272,10475819,NA,NA,0.4879,78481214,NA,NA,0.51,98186856
"839","Vietnam",2022-04-20,7,42982,13500,10489319,NA,NA,0.6274,78504630,NA,NA,0.51,98186856
"840","Vietnam",2022-04-21,9,42991,13271,10502590,NA,NA,NA,78541527,NA,NA,0.5,98186856
"841","Vietnam",2022-04-22,7,42998,30574,10533164,NA,85776230,0.8193,NA,NA,NA,0.49,98186856
"842","Vietnam",2022-04-23,6,43004,11160,10544324,NA,NA,0.9523,78555290,NA,NA,0.49,98186856
"843","Vietnam",2022-04-24,9,43013,10365,10554689,NA,85789114,NA,78558918,NA,NA,0.5,98186856
"844","Vietnam",2022-04-25,8,43021,8813,10563502,NA,NA,NA,78584962,NA,NA,0.5,98186856
"845","Vietnam",2022-04-26,8,43029,8270,10571772,NA,NA,NA,78589545,NA,NA,0.51,98186856
"846","Vietnam",2022-04-27,5,43034,48431,10620203,NA,NA,NA,78594626,NA,NA,0.48,98186856
"847","Vietnam",2022-04-28,3,43037,11313,10631516,NA,85795583,NA,78603828,NA,NA,0.45,98186856
"848","Vietnam",2022-04-29,1,43038,7116,10638632,NA,NA,NA,78611036,NA,NA,0.43,98186856
"849","Vietnam",2022-04-30,3,43041,6068,10644700,NA,NA,NA,78618038,NA,NA,0.41,98186856
"850","Vietnam",2022-05-01,1,43042,5109,10649809,NA,85799603,NA,78619918,NA,NA,0.4,98186856
"851","Vietnam",2022-05-02,2,43044,3717,10653526,NA,NA,NA,78620138,NA,NA,0.39,98186856
"852","Vietnam",2022-05-03,0,43044,3123,10656649,NA,NA,NA,78620224,NA,NA,0.39,98186856
"853","Vietnam",2022-05-04,3,43047,2709,10659358,NA,85802635,NA,78623354,NA,NA,0.39,98186856
"854","Vietnam",2022-05-05,2,43049,3088,10662446,NA,NA,NA,78628890,NA,NA,0.39,98186856
"855","Vietnam",2022-05-06,6,43055,4305,10666751,NA,NA,NA,78635566,NA,NA,0.4,98186856
"856","Vietnam",2022-05-07,0,43055,3819,10670570,NA,NA,NA,78638087,NA,NA,0.41,98186856
"857","Vietnam",2022-05-08,1,43056,3345,10673915,NA,85805439,NA,78641329,NA,NA,0.42,98186856
"858","Vietnam",2022-05-09,1,43057,2269,10676184,NA,NA,NA,78643980,NA,NA,0.43,98186856
"859","Vietnam",2022-05-10,1,43058,2175,10678359,NA,NA,NA,78649016,NA,NA,0.44,98186856
"860","Vietnam",2022-05-11,2,43060,2855,10681214,NA,85806532,NA,NA,NA,NA,0.46,98186856
"861","Vietnam",2022-05-12,3,43063,2758,10683972,NA,NA,NA,78661636,NA,NA,0.47,98186856
"862","Vietnam",2022-05-13,0,43063,6499,10690471,NA,NA,NA,NA,NA,NA,0.48,98186856
"863","Vietnam",2022-05-14,2,43065,2670,10693141,NA,NA,NA,NA,NA,NA,0.48,98186856
"864","Vietnam",2022-05-15,0,43065,1895,10695036,NA,NA,NA,78674447,NA,NA,0.49,98186856
"865","Vietnam",2022-05-16,2,43067,1594,10696630,NA,85811930,NA,78687467,NA,NA,0.49,98186856
"866","Vietnam",2022-05-17,4,43071,1550,10698180,NA,NA,NA,78689815,NA,NA,0.5,98186856
"867","Vietnam",2022-05-18,1,43072,1785,10699965,NA,NA,NA,78699867,NA,NA,0.51,98186856
"868","Vietnam",2022-05-19,1,43073,1831,10701796,NA,85813173,NA,NA,NA,NA,0.52,98186856
"869","Vietnam",2022-05-20,2,43075,2728,10704524,NA,NA,NA,78727554,NA,NA,0.53,98186856
"870","Vietnam",2022-05-21,0,43075,1587,10706111,NA,NA,NA,78733495,NA,NA,0.54,98186856
"871","Vietnam",2022-05-22,0,43075,1457,10707568,NA,NA,NA,78738898,NA,NA,0.55,98186856
"872","Vietnam",2022-05-23,1,43076,1319,10708887,NA,NA,NA,NA,NA,NA,0.56,98186856
"873","Vietnam",2022-05-24,0,43076,1179,10710066,NA,NA,NA,78849132,NA,NA,0.57,98186856
"874","Vietnam",2022-05-25,2,43078,1323,10711389,NA,NA,NA,78916464,NA,NA,0.59,98186856
"875","Vietnam",2022-05-26,0,43078,1344,10712733,NA,NA,NA,78979046,NA,NA,0.6,98186856
"876","Vietnam",2022-05-27,0,43078,1275,10714008,NA,NA,NA,79007965,NA,NA,0.61,98186856
"877","Vietnam",2022-05-28,0,43078,1239,10715247,NA,85816124,NA,NA,NA,NA,0.63,98186856
"878","Vietnam",2022-05-29,0,43078,1114,10716361,NA,NA,NA,79046788,NA,NA,0.65,98186856
"879","Vietnam",2022-05-30,0,43078,890,10717251,NA,NA,NA,NA,NA,NA,0.67,98186856
"880","Vietnam",2022-05-31,1,43079,1118,10718369,NA,NA,NA,79244389,NA,NA,0.69,98186856
"881","Vietnam",2022-06-01,0,43079,1010,10719379,NA,NA,NA,79308876,NA,NA,0.71,98186856
"882","Vietnam",2022-06-02,1,43080,1047,10720426,NA,85817715,NA,79331294,NA,NA,0.72,98186856
"883","Vietnam",2022-06-03,0,43080,2208,10722634,NA,NA,NA,79373469,NA,NA,0.73,98186856
"884","Vietnam",2022-06-04,0,43080,1039,10723673,NA,NA,NA,79407336,NA,NA,0.73,98186856
"885","Vietnam",2022-06-05,0,43080,881,10724554,NA,85818376,NA,79411087,NA,NA,0.74,98186856
"886","Vietnam",2022-06-06,1,43081,685,10725239,NA,NA,NA,79425423,NA,NA,0.75,98186856
"887","Vietnam",2022-06-07,0,43081,806,10726045,NA,NA,NA,79435135,NA,NA,0.76,98186856
"888","Vietnam",2022-06-08,0,43081,960,10727005,NA,85818823,NA,79461389,NA,NA,0.77,98186856
"889","Vietnam",2022-06-09,0,43081,913,10727918,NA,NA,NA,79501534,NA,NA,0.79,98186856
"890","Vietnam",2022-06-10,1,43082,802,10728720,NA,NA,NA,79520223,NA,NA,0.8,98186856
"891","Vietnam",2022-06-11,0,43082,961,10729681,NA,NA,NA,79524305,NA,NA,0.82,98186856
"892","Vietnam",2022-06-12,1,43083,1563,10731244,NA,85819388,NA,79538300,NA,NA,0.83,98186856
"893","Vietnam",2022-06-13,0,43083,568,10731812,NA,NA,NA,79550401,NA,NA,0.83,98186856
"894","Vietnam",2022-06-14,0,43083,617,10732429,NA,NA,NA,NA,NA,NA,0.84,98186856
"895","Vietnam",2022-06-15,0,43083,856,10733285,NA,NA,NA,NA,NA,NA,0.85,98186856
"896","Vietnam",2022-06-16,0,43083,866,10734151,NA,NA,NA,79650792,NA,NA,0.86,98186856
"897","Vietnam",2022-06-17,0,43083,774,10734925,NA,NA,NA,79699783,NA,NA,0.88,98186856
"898","Vietnam",2022-06-18,0,43083,1483,10736408,NA,NA,NA,79763349,NA,NA,0.88,98186856
"899","Vietnam",2022-06-19,0,43083,699,10737107,NA,NA,NA,79786295,NA,NA,0.88,98186856
"900","Vietnam",2022-06-20,0,43083,533,10737640,NA,85824349,NA,NA,NA,NA,0.89,98186856
"901","Vietnam",2022-06-21,1,43084,521,10738161,NA,NA,NA,NA,NA,NA,0.9,98186856
"902","Vietnam",2022-06-22,0,43084,748,10738909,NA,NA,NA,NA,NA,NA,0.92,98186856
"903","Vietnam",2022-06-23,0,43084,0,10738909,NA,NA,NA,NA,NA,NA,0.93,98186856
"904","Vietnam",2022-06-24,0,43084,0,10738909,NA,NA,NA,NA,NA,NA,0.95,98186856
"905","Vietnam",2022-06-25,0,43084,3325,10742234,NA,NA,NA,NA,NA,NA,0.94,98186856
"906","Vietnam",2022-06-26,0,43084,657,10742891,NA,NA,NA,NA,NA,NA,0.94,98186856
"907","Vietnam",2022-06-27,0,43084,557,10743448,NA,NA,NA,NA,NA,NA,0.94,98186856
"908","Vietnam",2022-06-28,3,43087,637,10744085,NA,NA,NA,NA,NA,NA,0.95,98186856
"909","Vietnam",2022-06-29,0,43087,769,10744854,NA,NA,NA,NA,NA,NA,0.95,98186856
"910","Vietnam",2022-06-30,0,43087,777,10745631,NA,NA,NA,NA,NA,NA,0.96,98186856
"911","Vietnam",2022-07-01,0,43087,839,10746470,NA,NA,NA,NA,NA,NA,0.97,98186856
"912","Vietnam",2022-07-02,0,43087,927,10747397,NA,NA,NA,NA,NA,NA,0.98,98186856
"913","Vietnam",2022-07-03,0,43087,730,10748127,NA,NA,NA,NA,NA,NA,0.99,98186856
"914","Vietnam",2022-07-04,1,43088,512,10748639,NA,NA,NA,NA,NA,NA,1,98186856
"915","Vietnam",2022-07-05,0,43088,685,10749324,NA,NA,NA,NA,NA,NA,1.01,98186856
"916","Vietnam",2022-07-06,1,43089,989,10750313,NA,NA,NA,NA,NA,NA,1.02,98186856
"917","Vietnam",2022-07-07,0,43089,914,10751227,NA,NA,NA,80185029,NA,NA,1.03,98186856
"918","Vietnam",2022-07-08,0,43089,913,10752140,NA,NA,NA,NA,NA,NA,1.03,98186856
"919","Vietnam",2022-07-09,0,43089,802,10752942,NA,NA,NA,NA,NA,NA,1.04,98186856
"920","Vietnam",2022-07-10,0,43089,1406,10754348,NA,NA,NA,NA,NA,NA,1.04,98186856
"921","Vietnam",2022-07-11,0,43089,465,10754813,NA,NA,NA,NA,NA,NA,1.04,98186856
"922","Vietnam",2022-07-12,0,43089,568,10755381,NA,NA,NA,NA,NA,NA,1.05,98186856
"923","Vietnam",2022-07-13,1,43090,873,10756254,NA,NA,NA,NA,NA,NA,1.05,98186856
"924","Vietnam",2022-07-14,0,43090,1003,10757257,NA,NA,NA,NA,NA,NA,1.06,98186856
"925","Vietnam",2022-07-15,0,43090,932,10758189,NA,NA,NA,NA,NA,NA,1.07,98186856
"926","Vietnam",2022-07-16,0,43090,956,10759145,NA,NA,NA,NA,NA,NA,1.07,98186856
"927","Vietnam",2022-07-17,1,43091,705,10759850,NA,NA,NA,NA,NA,NA,1.09,98186856
"928","Vietnam",2022-07-18,0,43091,745,10760595,NA,NA,NA,NA,NA,NA,1.11,98186856
"929","Vietnam",2022-07-19,0,43091,30,10760625,NA,NA,NA,NA,NA,NA,1.12,98186856
"930","Vietnam",2022-07-20,0,43091,1908,10762533,NA,NA,NA,NA,NA,NA,1.13,98186856
"931","Vietnam",2022-07-21,0,43091,1161,10763694,NA,NA,NA,81040637,NA,NA,1.14,98186856
"932","Vietnam",2022-07-22,0,43091,0,10763694,NA,NA,NA,NA,NA,NA,1.14,98186856
"933","Vietnam",2022-07-23,0,43091,0,10763694,NA,NA,NA,NA,NA,NA,1.15,98186856
"934","Vietnam",2022-07-24,1,43092,3506,10767200,NA,NA,NA,NA,NA,NA,1.16,98186856
"935","Vietnam",2022-07-25,0,43092,748,10767948,NA,NA,NA,NA,NA,NA,1.17,98186856
"936","Vietnam",2022-07-26,0,43092,0,10767948,NA,NA,NA,NA,NA,NA,1.18,98186856
"937","Vietnam",2022-07-27,0,43092,2356,10770304,NA,NA,NA,NA,NA,NA,1.19,98186856
"938","Vietnam",2022-07-28,0,43092,2676,10772980,NA,NA,NA,NA,NA,NA,1.16,98186856
"939","Vietnam",2022-07-29,0,43092,0,10772980,NA,NA,NA,NA,NA,NA,1.14,98186856
"940","Vietnam",2022-07-30,0,43092,0,10772980,NA,NA,NA,NA,NA,NA,1.1,98186856
"941","Vietnam",2022-07-31,1,43093,1699,10774679,NA,NA,NA,NA,NA,NA,1.07,98186856
"942","Vietnam",2022-08-01,0,43093,3475,10778154,NA,NA,NA,NA,NA,NA,1.03,98186856
"943","Vietnam",2022-08-02,1,43094,2855,10781009,NA,NA,NA,NA,NA,NA,0.99,98186856
"944","Vietnam",2022-08-03,0,43094,2017,10783026,NA,NA,NA,NA,NA,NA,0.93,98186856
"945","Vietnam",2022-08-04,0,43094,2096,10785122,NA,NA,NA,82004318,NA,NA,0.88,98186856
"946","Vietnam",2022-08-05,0,43094,404846,11189968,NA,NA,NA,NA,NA,NA,0.82,98186856
"947","Vietnam",2022-08-06,0,43094,0,11189968,NA,NA,NA,NA,NA,NA,0.78,98186856
"948","Vietnam",2022-08-07,0,43094,156169,11346137,NA,NA,NA,NA,NA,NA,0.69,98186856
"949","Vietnam",2022-08-08,0,43094,1381,11347518,NA,NA,NA,NA,NA,NA,0.6,98186856
"950","Vietnam",2022-08-09,0,43094,1705,11349223,NA,NA,NA,NA,NA,NA,0.53,98186856
"951","Vietnam",2022-08-10,1,43095,2340,11351563,NA,NA,NA,NA,NA,NA,0.47,98186856
"952","Vietnam",2022-08-11,0,43095,2010,11353573,NA,NA,NA,NA,NA,NA,0.43,98186856
"953","Vietnam",2022-08-12,1,43096,6775,11360348,NA,NA,NA,NA,NA,NA,0.4,98186856
"954","Vietnam",2022-08-13,1,43097,1815,11362163,NA,NA,NA,NA,NA,NA,0.37,98186856
"955","Vietnam",2022-08-14,1,43098,2192,11364355,NA,NA,NA,NA,NA,NA,0.36,98186856
"956","Vietnam",2022-08-15,0,43098,1429,11365784,NA,NA,NA,NA,NA,NA,0.35,98186856
"957","Vietnam",2022-08-16,0,43098,1695,11367479,NA,NA,NA,NA,NA,NA,0.34,98186856
"958","Vietnam",2022-08-17,5,43103,2983,11370462,NA,NA,NA,NA,NA,NA,0.33,98186856
"959","Vietnam",2022-08-18,0,43103,2814,11373276,NA,NA,NA,82993225,NA,NA,0.34,98186856
"960","Vietnam",2022-08-19,0,43103,3295,11376571,NA,NA,NA,NA,NA,NA,0.35,98186856
"961","Vietnam",2022-08-20,2,43105,0,11376571,NA,NA,NA,NA,NA,NA,0.36,98186856
"962","Vietnam",2022-08-21,0,43105,5687,11382258,NA,NA,NA,NA,NA,NA,0.38,98186856
"963","Vietnam",2022-08-22,1,43106,1561,11383819,NA,NA,NA,NA,NA,NA,0.4,98186856
"964","Vietnam",2022-08-23,0,43106,2197,11386016,NA,NA,NA,NA,NA,NA,0.42,98186856
"965","Vietnam",2022-08-24,2,43108,3252,11389268,NA,NA,NA,NA,NA,NA,0.43,98186856
"966","Vietnam",2022-08-25,2,43110,3591,11392859,NA,NA,NA,NA,NA,NA,0.45,98186856
"967","Vietnam",2022-08-26,0,43110,3346,11396205,NA,NA,NA,NA,NA,NA,0.48,98186856
"968","Vietnam",2022-08-27,0,43110,0,11396205,NA,NA,NA,NA,NA,NA,0.5,98186856
"969","Vietnam",2022-08-28,2,43112,5392,11401597,NA,NA,NA,NA,NA,NA,0.53,98186856
"970","Vietnam",2022-08-29,1,43113,1705,11403302,NA,NA,NA,NA,NA,NA,0.55,98186856
"971","Vietnam",2022-08-30,4,43117,2409,11405711,NA,NA,NA,NA,NA,NA,0.57,98186856
"972","Vietnam",2022-08-31,0,43117,3241,11408952,NA,NA,NA,NA,NA,NA,0.59,98186856
"973","Vietnam",2022-09-01,0,43117,2727,11411679,NA,NA,NA,83666271,NA,NA,0.61,98186856
"974","Vietnam",2022-09-02,0,43117,2680,11414359,NA,NA,NA,NA,NA,NA,0.64,98186856
"975","Vietnam",2022-09-03,0,43117,0,11414359,NA,NA,NA,NA,NA,NA,0.67,98186856
"976","Vietnam",2022-09-04,3,43120,3144,11417503,NA,NA,NA,NA,NA,NA,0.71,98186856
"977","Vietnam",2022-09-05,2,43122,1391,11418894,NA,NA,NA,NA,NA,NA,0.75,98186856
"978","Vietnam",2022-09-06,1,43123,2161,11421055,NA,NA,NA,NA,NA,NA,0.78,98186856
"979","Vietnam",2022-09-07,2,43125,3699,11424754,NA,NA,NA,NA,NA,NA,0.8,98186856
"980","Vietnam",2022-09-08,1,43126,3878,11428632,NA,NA,NA,83849273,NA,NA,0.82,98186856
"981","Vietnam",2022-09-09,0,43126,3191,11431823,NA,NA,NA,NA,NA,NA,0.83,98186856
"982","Vietnam",2022-09-10,3,43129,3649,11435472,NA,NA,NA,NA,NA,NA,0.83,98186856
"983","Vietnam",2022-09-11,0,43129,2498,11437970,NA,NA,NA,NA,NA,NA,0.84,98186856
"984","Vietnam",2022-09-12,1,43130,1643,11439613,NA,NA,NA,NA,NA,NA,0.84,98186856
"985","Vietnam",2022-09-13,2,43132,2013,11441626,NA,NA,NA,NA,NA,NA,0.85,98186856
"986","Vietnam",2022-09-14,0,43132,3301,11444927,NA,NA,NA,NA,NA,NA,0.85,98186856
"987","Vietnam",2022-09-15,5,43137,3107,11448034,NA,NA,NA,84072281,NA,NA,0.85,98186856
"988","Vietnam",2022-09-16,0,43137,2965,11450999,NA,NA,NA,NA,NA,NA,0.85,98186856
"989","Vietnam",2022-09-17,1,43138,3080,11454079,NA,NA,NA,NA,NA,NA,0.84,98186856
"990","Vietnam",2022-09-18,1,43139,2479,11456558,NA,NA,NA,NA,NA,NA,0.83,98186856
"991","Vietnam",2022-09-19,2,43141,1891,11458449,NA,NA,NA,NA,NA,NA,0.82,98186856
"992","Vietnam",2022-09-20,1,43142,4955,11463404,NA,NA,NA,NA,NA,NA,0.81,98186856
"993","Vietnam",2022-09-21,4,43146,2287,11465691,NA,NA,NA,NA,NA,NA,0.79,98186856
"994","Vietnam",2022-09-22,0,43146,1928,11467619,NA,NA,NA,84234230,NA,NA,0.77,98186856
"995","Vietnam",2022-09-23,0,43146,1319,11468938,NA,NA,NA,NA,NA,NA,0.76,98186856
"996","Vietnam",2022-09-24,0,43146,2402,11471340,NA,NA,NA,NA,NA,NA,0.75,98186856
"997","Vietnam",2022-09-25,0,43146,961,11472301,NA,NA,NA,NA,NA,NA,0.74,98186856
"998","Vietnam",2022-09-26,0,43146,1432,11473733,NA,NA,NA,NA,NA,NA,0.73,98186856
"999","Vietnam",2022-09-27,1,43147,1588,11475321,NA,NA,NA,NA,NA,NA,0.71,98186856
"1000","Vietnam",2022-09-28,0,43147,1587,11476908,NA,NA,NA,NA,NA,NA,0.7,98186856
"1001","Vietnam",2022-09-29,1,43148,978,11477886,NA,NA,NA,NA,NA,NA,0.69,98186856
"1002","Vietnam",2022-09-30,0,43148,1470,11479356,NA,NA,NA,NA,NA,NA,0.69,98186856
"1003","Vietnam",2022-10-01,1,43149,672,11480028,NA,NA,NA,NA,NA,NA,0.69,98186856
"1004","Vietnam",2022-10-02,0,43149,490,11480518,NA,NA,NA,84374202,NA,NA,0.7,98186856
"1005","Vietnam",2022-10-03,2,43151,796,11481314,NA,NA,NA,NA,NA,NA,0.71,98186856
"1006","Vietnam",2022-10-04,0,43151,1020,11482334,NA,NA,NA,NA,NA,NA,0.71,98186856
"1007","Vietnam",2022-10-05,0,43151,1195,11483529,NA,NA,NA,NA,NA,NA,0.72,98186856
"1008","Vietnam",2022-10-06,0,43151,0,11483529,NA,NA,NA,84389728,NA,NA,0.73,98186856
"1009","Vietnam",2022-10-07,1,43152,437,11483966,NA,NA,NA,NA,NA,NA,0.74,98186856
"1010","Vietnam",2022-10-08,1,43153,1395,11485361,NA,NA,NA,NA,NA,NA,0.75,98186856
"1011","Vietnam",2022-10-09,0,43153,1053,11486414,NA,NA,NA,NA,NA,NA,0.77,98186856
"1012","Vietnam",2022-10-10,0,43153,1045,11487459,NA,NA,NA,NA,NA,NA,0.79,98186856
"1013","Vietnam",2022-10-11,1,43154,1226,11488685,NA,NA,NA,NA,NA,NA,0.8,98186856
"1014","Vietnam",2022-10-12,1,43155,1196,11489881,NA,NA,NA,NA,NA,NA,0.8,98186856
"1015","Vietnam",2022-10-13,0,43155,0,11489881,NA,NA,NA,84393196,NA,NA,0.8,98186856
"1016","Vietnam",2022-10-14,0,43155,1660,11491541,NA,NA,NA,NA,NA,NA,0.8,98186856
"1017","Vietnam",2022-10-15,0,43155,732,11492273,NA,NA,NA,NA,NA,NA,0.81,98186856
"1018","Vietnam",2022-10-16,0,43155,325,11492598,NA,NA,NA,NA,NA,NA,0.81,98186856
"1019","Vietnam",2022-10-17,0,43155,623,11493221,NA,NA,NA,NA,NA,NA,0.82,98186856
"1020","Vietnam",2022-10-18,0,43155,673,11493894,NA,NA,NA,NA,NA,NA,0.82,98186856
"1021","Vietnam",2022-10-19,4,43159,1337,11495231,NA,NA,NA,NA,NA,NA,0.83,98186856
"1022","Vietnam",2022-10-20,0,43159,541,11495772,NA,NA,NA,84433722,NA,NA,0.83,98186856
"1023","Vietnam",2022-10-21,0,43159,582,11496354,NA,NA,NA,NA,NA,NA,0.83,98186856
"1024","Vietnam",2022-10-22,0,43159,475,11496829,NA,NA,NA,NA,NA,NA,0.85,98186856
"1025","Vietnam",2022-10-23,0,43159,158,11496987,NA,NA,NA,NA,NA,NA,0.86,98186856
"1026","Vietnam",2022-10-24,0,43159,546,11497533,NA,NA,NA,NA,NA,NA,0.88,98186856
"1027","Vietnam",2022-10-25,2,43161,514,11498047,NA,NA,NA,NA,NA,NA,0.91,98186856
"1028","Vietnam",2022-10-26,1,43162,826,11498873,NA,NA,NA,NA,NA,NA,0.93,98186856
"1029","Vietnam",2022-10-27,0,43162,484,11499357,NA,NA,NA,84448184,NA,NA,0.96,98186856
"1030","Vietnam",2022-10-28,0,43162,2549,11501906,NA,NA,NA,NA,NA,NA,0.99,98186856
"1031","Vietnam",2022-10-29,1,43163,263,11502169,NA,NA,NA,NA,NA,NA,0.95,98186856
"1032","Vietnam",2022-10-30,0,43163,305,11502474,NA,NA,NA,NA,NA,NA,0.92,98186856
"1033","Vietnam",2022-10-31,0,43163,0,11502474,NA,NA,NA,NA,NA,NA,0.89,98186856
"1034","Vietnam",2022-11-01,0,43163,411,11502885,NA,NA,NA,NA,NA,NA,0.87,98186856
"1035","Vietnam",2022-11-02,1,43164,1206,11504091,NA,NA,NA,NA,NA,NA,0.86,98186856
"1036","Vietnam",2022-11-03,1,43165,819,11504910,NA,NA,NA,84467885,NA,NA,0.85,98186856
"1037","Vietnam",2022-11-04,0,43165,359,11505269,NA,NA,NA,NA,NA,NA,0.83,98186856
"1038","Vietnam",2022-11-05,0,43165,339,11505608,NA,NA,NA,NA,NA,NA,0.83,98186856
"1039","Vietnam",2022-11-06,1,43166,241,11505849,NA,NA,NA,NA,NA,NA,0.83,98186856
"1040","Vietnam",2022-11-07,0,43166,365,11506214,NA,NA,NA,NA,NA,NA,0.83,98186856
"1041","Vietnam",2022-11-08,0,43166,442,11506656,NA,NA,NA,NA,NA,NA,0.83,98186856
"1042","Vietnam",2022-11-09,0,43166,468,11507124,NA,NA,NA,NA,NA,NA,0.84,98186856
"1043","Vietnam",2022-11-10,0,43166,416,11507540,NA,NA,NA,NA,NA,NA,0.84,98186856
"1044","Vietnam",2022-11-11,0,43166,630,11508170,NA,NA,NA,NA,NA,NA,0.85,98186856
"1045","Vietnam",2022-11-12,0,43166,277,11508447,NA,NA,NA,NA,NA,NA,0.86,98186856
"1046","Vietnam",2022-11-13,0,43166,242,11508689,NA,NA,NA,NA,NA,NA,0.87,98186856
"1047","Vietnam",2022-11-14,0,43166,203,11508892,NA,NA,NA,NA,NA,NA,0.88,98186856
"1048","Vietnam",2022-11-15,0,43166,581,11509473,NA,NA,NA,NA,NA,NA,0.9,98186856
"1049","Vietnam",2022-11-16,1,43167,502,11509975,NA,NA,NA,NA,NA,NA,0.91,98186856
"1050","Vietnam",2022-11-17,0,43167,509,11510484,NA,NA,NA,84690714,NA,NA,0.91,98186856
"1051","Vietnam",2022-11-18,1,43168,259,11510743,NA,NA,NA,NA,NA,NA,0.92,98186856
"1052","Vietnam",2022-11-19,1,43169,435,11511178,NA,NA,NA,NA,NA,NA,0.93,98186856
"1053","Vietnam",2022-11-20,0,43169,274,11511452,NA,NA,NA,NA,NA,NA,0.94,98186856
"1054","Vietnam",2022-11-21,0,43169,370,11511822,NA,NA,NA,NA,NA,NA,0.95,98186856
"1055","Vietnam",2022-11-22,0,43169,316,11512138,NA,NA,NA,NA,NA,NA,0.96,98186856
"1056","Vietnam",2022-11-23,0,43169,546,11512684,NA,NA,NA,NA,NA,NA,0.98,98186856
"1057","Vietnam",2022-11-24,1,43170,489,11513173,NA,NA,NA,NA,NA,NA,0.99,98186856
"1058","Vietnam",2022-11-25,0,43170,574,11513747,NA,NA,NA,NA,NA,NA,1,98186856
"1059","Vietnam",2022-11-26,0,43170,427,11514174,NA,NA,NA,NA,NA,NA,1.01,98186856
"1060","Vietnam",2022-11-27,0,43170,358,11514532,NA,NA,NA,NA,NA,NA,1.01,98186856
"1061","Vietnam",2022-11-28,0,43170,333,11514865,NA,NA,NA,NA,NA,NA,1,98186856
"1062","Vietnam",2022-11-29,2,43172,558,11515423,NA,NA,NA,NA,NA,NA,1,98186856
"1063","Vietnam",2022-11-30,0,43172,485,11515908,NA,NA,NA,NA,NA,NA,1,98186856
"1064","Vietnam",2022-12-01,4,43176,581,11516489,NA,NA,NA,85239151,NA,NA,0.99,98186856
"1065","Vietnam",2022-12-02,1,43177,635,11517124,NA,NA,NA,NA,NA,NA,0.98,98186856
"1066","Vietnam",2022-12-03,0,43177,393,11517517,NA,NA,NA,NA,NA,NA,0.97,98186856
"1067","Vietnam",2022-12-04,0,43177,205,11517722,NA,NA,NA,NA,NA,NA,0.96,98186856
"1068","Vietnam",2022-12-05,0,43177,427,11518149,NA,NA,NA,NA,NA,NA,0.95,98186856
"1069","Vietnam",2022-12-06,1,43178,362,11518511,NA,NA,NA,NA,NA,NA,0.94,98186856
"1070","Vietnam",2022-12-07,0,43178,500,11519011,NA,NA,NA,NA,NA,NA,0.93,98186856
"1071","Vietnam",2022-12-08,0,43178,528,11519539,NA,NA,NA,NA,NA,NA,0.92,98186856
"1072","Vietnam",2022-12-09,0,43178,498,11520037,NA,NA,NA,NA,NA,NA,0.9,98186856
"1073","Vietnam",2022-12-10,0,43178,408,11520445,NA,NA,NA,NA,NA,NA,0.89,98186856
"1074","Vietnam",2022-12-11,0,43178,194,11520639,NA,NA,NA,NA,NA,NA,0.87,98186856
"1075","Vietnam",2022-12-12,1,43179,383,11521022,NA,NA,NA,NA,NA,NA,0.86,98186856
"1076","Vietnam",2022-12-13,0,43179,366,11521388,NA,NA,NA,NA,NA,NA,0.84,98186856
"1077","Vietnam",2022-12-14,0,43179,320,11521708,NA,NA,NA,NA,NA,NA,0.82,98186856
"1078","Vietnam",2022-12-15,0,43179,0,11521708,NA,NA,NA,85553108,NA,NA,0.81,98186856
"1079","Vietnam",2022-12-16,0,43179,723,11522431,NA,NA,NA,NA,NA,NA,0.79,98186856
"1080","Vietnam",2022-12-17,0,43179,319,11522750,NA,NA,NA,NA,NA,NA,0.78,98186856
"1081","Vietnam",2022-12-18,0,43179,177,11522927,NA,NA,NA,NA,NA,NA,0.77,98186856
"1082","Vietnam",2022-12-19,1,43180,234,11523161,NA,NA,NA,NA,NA,NA,0.75,98186856
"1083","Vietnam",2022-12-20,0,43180,206,11523367,NA,NA,NA,NA,NA,NA,0.73,98186856
"1084","Vietnam",2022-12-21,1,43181,200,11523567,NA,NA,NA,NA,NA,NA,0.71,98186856
"1085","Vietnam",2022-12-22,0,43181,0,11523567,NA,NA,NA,85705657,NA,NA,0.7,98186856
"1086","Vietnam",2022-12-23,0,43181,526,11524093,NA,NA,NA,NA,NA,NA,0.7,98186856
"1087","Vietnam",2022-12-24,0,43181,109,11524202,NA,NA,NA,NA,NA,NA,0.69,98186856
"1088","Vietnam",2022-12-25,3,43184,0,11524202,NA,NA,NA,NA,NA,NA,0.69,98186856
"1089","Vietnam",2022-12-26,0,43184,71,11524273,NA,NA,NA,NA,NA,NA,0.68,98186856
"1090","Vietnam",2022-12-27,0,43184,163,11524436,NA,NA,NA,NA,NA,NA,0.68,98186856
"1091","Vietnam",2022-12-28,0,43184,211,11524647,NA,NA,NA,NA,NA,NA,0.67,98186856
"1092","Vietnam",2022-12-29,0,43184,366,11525013,NA,NA,NA,NA,NA,NA,0.66,98186856
"1093","Vietnam",2022-12-30,0,43184,131,11525144,NA,NA,NA,NA,NA,NA,0.65,98186856
"1094","Vietnam",2022-12-31,2,43186,87,11525231,NA,NA,NA,NA,NA,NA,0.64,98186856
"1095","Vietnam",2023-01-01,0,43186,0,11525231,NA,NA,NA,NA,NA,NA,0.63,98186856
"1096","Vietnam",2023-01-02,0,43186,105,11525336,NA,NA,NA,NA,NA,NA,0.63,98186856
"1097","Vietnam",2023-01-03,0,43186,72,11525408,NA,NA,NA,NA,NA,NA,NA,98186856
"1098","Vietnam",2023-01-04,0,43186,83,11525491,NA,NA,NA,NA,NA,NA,NA,98186856
"1099","Vietnam",2023-01-05,0,43186,80,11525571,NA,NA,NA,85848363,NA,NA,NA,98186856
"1100","Vietnam",2023-01-06,0,43186,75,11525646,NA,NA,NA,NA,NA,NA,NA,98186856
"1101","Vietnam",2023-01-07,0,43186,65,11525711,NA,NA,NA,NA,NA,NA,NA,98186856
"1102","Vietnam",2023-01-08,0,43186,52,11525763,NA,NA,NA,NA,NA,NA,NA,98186856
"1103","Vietnam",2023-01-09,0,43186,71,11525834,NA,NA,NA,NA,NA,NA,NA,98186856
"1104","Vietnam",2023-01-10,0,43186,77,11525911,NA,NA,NA,NA,NA,NA,NA,98186856
"1105","Vietnam",2023-01-11,0,43186,35,11525946,NA,NA,NA,NA,NA,NA,NA,98186856
"1106","Vietnam",2023-01-12,0,43186,88,11526034,NA,NA,NA,NA,NA,NA,NA,98186856
"1107","Vietnam",2023-01-13,0,43186,55,11526089,NA,NA,NA,NA,NA,NA,NA,98186856
"1108","Vietnam",2023-01-14,0,43186,29,11526118,NA,NA,NA,NA,NA,NA,NA,98186856
"1109","Vietnam",2023-01-15,0,43186,22,11526140,NA,NA,NA,NA,NA,NA,NA,98186856
"1110","Vietnam",2023-01-16,0,43186,27,11526167,NA,NA,NA,NA,NA,NA,NA,98186856
"1111","Vietnam",2023-01-17,0,43186,46,11526213,NA,NA,NA,NA,NA,NA,NA,98186856
"1112","Vietnam",2023-01-18,0,43186,41,11526254,NA,NA,NA,NA,NA,NA,NA,98186856
"1113","Vietnam",2023-01-19,0,43186,30,11526284,NA,NA,NA,NA,NA,NA,NA,98186856
"1114","Vietnam",2023-01-20,0,43186,17,11526301,NA,NA,NA,NA,NA,NA,NA,98186856
"1115","Vietnam",2023-01-21,0,43186,17,11526318,NA,NA,NA,NA,NA,NA,NA,98186856
"1116","Vietnam",2023-01-22,0,43186,11,11526329,NA,NA,NA,NA,NA,NA,NA,98186856
"1117","Vietnam",2023-01-23,0,43186,3,11526332,NA,NA,NA,NA,NA,NA,NA,98186856
"1118","Vietnam",2023-01-24,0,43186,7,11526339,NA,NA,NA,NA,NA,NA,NA,98186856
"1119","Vietnam",2023-01-25,0,43186,9,11526348,NA,NA,NA,NA,NA,NA,NA,98186856
"1120","Vietnam",2023-01-26,0,43186,17,11526365,NA,NA,NA,NA,NA,NA,NA,98186856
"1121","Vietnam",2023-01-27,0,43186,12,11526377,NA,NA,NA,NA,NA,NA,NA,98186856
"1122","Vietnam",2023-01-28,0,43186,18,11526395,NA,NA,NA,NA,NA,NA,NA,98186856
"1123","Vietnam",2023-01-29,0,43186,13,11526408,NA,NA,NA,NA,NA,NA,NA,98186856
"1124","Vietnam",2023-01-30,0,43186,74,11526482,NA,NA,NA,NA,NA,NA,NA,98186856
"1125","Vietnam",2023-01-31,0,43186,15,11526497,NA,NA,NA,NA,NA,NA,NA,98186856
"1126","Vietnam",2023-02-01,0,43186,11,11526508,NA,NA,NA,NA,NA,NA,NA,98186856
"1127","Vietnam",2023-02-02,0,43186,0,11526508,NA,NA,NA,NA,NA,NA,NA,98186856
"1128","Vietnam",2023-02-03,0,43186,51,11526559,NA,NA,NA,NA,NA,NA,NA,98186856
"1129","Vietnam",2023-02-04,0,43186,7,11526566,NA,NA,NA,NA,NA,NA,NA,98186856
"1130","Vietnam",2023-02-05,0,43186,0,11526566,NA,NA,NA,NA,NA,NA,NA,98186856
"1131","Vietnam",2023-02-06,0,43186,11,11526577,NA,NA,NA,NA,NA,NA,NA,98186856
"1132","Vietnam",2023-02-07,0,43186,14,11526591,NA,NA,NA,NA,NA,NA,NA,98186856
"1133","Vietnam",2023-02-08,0,43186,19,11526610,NA,NA,NA,NA,NA,NA,NA,98186856
"1134","Vietnam",2023-02-09,0,43186,17,11526627,NA,NA,NA,NA,NA,NA,NA,98186856
"1135","Vietnam",2023-02-10,0,43186,13,11526640,NA,NA,NA,NA,NA,NA,NA,98186856
"1136","Vietnam",2023-02-11,0,43186,11,11526651,NA,NA,NA,NA,NA,NA,NA,98186856
"1137","Vietnam",2023-02-12,0,43186,41,11526692,NA,NA,NA,NA,NA,NA,NA,98186856
"1138","Vietnam",2023-02-13,0,43186,12,11526704,NA,NA,NA,NA,NA,NA,NA,98186856
"1139","Vietnam",2023-02-14,0,43186,50,11526754,NA,NA,NA,NA,NA,NA,NA,98186856
"1140","Vietnam",2023-02-15,0,43186,19,11526773,NA,NA,NA,NA,NA,NA,NA,98186856
"1141","Vietnam",2023-02-16,0,43186,13,11526786,NA,NA,NA,NA,NA,NA,NA,98186856
"1142","Vietnam",2023-02-17,0,43186,13,11526799,NA,NA,NA,NA,NA,NA,NA,98186856
"1143","Vietnam",2023-02-18,0,43186,7,11526806,NA,NA,NA,NA,NA,NA,NA,98186856
"1144","Vietnam",2023-02-19,0,43186,4,11526810,NA,NA,NA,NA,NA,NA,NA,98186856
"1145","Vietnam",2023-02-20,0,43186,15,11526825,NA,NA,NA,NA,NA,NA,NA,98186856
"1146","Vietnam",2023-02-21,0,43186,9,11526834,NA,NA,NA,NA,NA,NA,NA,98186856
"1147","Vietnam",2023-02-22,0,43186,24,11526858,NA,NA,NA,NA,NA,NA,NA,98186856
"1148","Vietnam",2023-02-23,0,43186,12,11526870,NA,NA,NA,NA,NA,NA,NA,98186856
"1149","Vietnam",2023-02-24,0,43186,11,11526881,NA,NA,NA,NA,NA,NA,NA,98186856
"1150","Vietnam",2023-02-25,0,43186,10,11526891,NA,NA,NA,NA,NA,NA,NA,98186856
"1151","Vietnam",2023-02-26,0,43186,10,11526901,NA,NA,NA,NA,NA,NA,NA,98186856
"1152","Vietnam",2023-02-27,0,43186,4,11526905,NA,NA,NA,NA,NA,NA,NA,98186856
"1153","Vietnam",2023-02-28,0,43186,12,11526917,NA,NA,NA,NA,NA,NA,NA,98186856
"1154","Vietnam",2023-03-01,0,43186,9,11526926,NA,NA,NA,NA,NA,NA,NA,98186856
"1155","Vietnam",2023-03-02,0,43186,11,11526937,NA,NA,NA,NA,NA,NA,NA,98186856
"1156","Vietnam",2023-03-03,0,43186,13,11526950,NA,NA,NA,NA,NA,NA,NA,98186856
"1157","Vietnam",2023-03-04,0,43186,12,11526962,NA,NA,NA,NA,NA,NA,NA,98186856
"1158","Vietnam",2023-03-05,0,43186,4,11526966,NA,NA,NA,NA,NA,NA,NA,98186856
"1159","Vietnam",2023-03-06,0,43186,0,11526966,NA,NA,NA,NA,NA,NA,NA,98186856
"1160","Vietnam",2023-03-07,0,43186,20,11526986,NA,NA,NA,NA,NA,NA,NA,98186856
"1161","Vietnam",2023-03-08,0,43186,8,11526994,NA,NA,NA,NA,NA,NA,NA,98186856
"1162","Vietnam",2023-03-09,0,43186,18,11527012,NA,NA,NA,NA,NA,NA,NA,98186856
"1163","Vietnam",2023-03-10,0,43186,14,11527026,NA,NA,NA,NA,NA,NA,NA,98186856
"1164","Vietnam",2023-03-11,0,43186,7,11527033,NA,NA,NA,NA,NA,NA,NA,98186856
"1165","Vietnam",2023-03-12,0,43186,4,11527037,NA,NA,NA,NA,NA,NA,NA,98186856
"1166","Vietnam",2023-03-13,0,43186,9,11527046,NA,NA,NA,NA,NA,NA,NA,98186856
"1167","Vietnam",2023-03-14,0,43186,8,11527054,NA,NA,NA,NA,NA,NA,NA,98186856
"1168","Vietnam",2023-03-15,0,43186,25,11527079,NA,NA,NA,NA,NA,NA,NA,98186856
"1169","Vietnam",2023-03-16,0,43186,20,11527099,NA,NA,NA,NA,NA,NA,NA,98186856
"1170","Vietnam",2023-03-17,0,43186,11,11527110,NA,NA,NA,NA,NA,NA,NA,98186856
"1171","Vietnam",2023-03-18,0,43186,6,11527116,NA,NA,NA,NA,NA,NA,NA,98186856
"1172","Vietnam",2023-03-19,0,43186,23,11527139,NA,NA,NA,NA,NA,NA,NA,98186856
"1173","Vietnam",2023-03-20,0,43186,7,11527146,NA,NA,NA,NA,NA,NA,NA,98186856
"1174","Vietnam",2023-03-21,0,43186,11,11527157,NA,NA,NA,NA,NA,NA,NA,98186856
"1175","Vietnam",2023-03-22,0,43186,18,11527175,NA,NA,NA,NA,NA,NA,NA,98186856
"1176","Vietnam",2023-03-23,0,43186,12,11527187,NA,NA,NA,NA,NA,NA,NA,98186856
"1177","Vietnam",2023-03-24,0,43186,8,11527195,NA,NA,NA,NA,NA,NA,NA,98186856
"1178","Vietnam",2023-03-25,0,43186,8,11527203,NA,NA,NA,NA,NA,NA,NA,98186856
"1179","Vietnam",2023-03-26,0,43186,7,11527210,NA,NA,NA,NA,NA,NA,NA,98186856
"1180","Vietnam",2023-03-27,0,43186,10,11527220,NA,NA,NA,NA,NA,NA,NA,98186856
"1181","Vietnam",2023-03-28,0,43186,16,11527236,NA,NA,NA,NA,NA,NA,NA,98186856
"1182","Vietnam",2023-03-29,0,43186,19,11527255,NA,NA,NA,NA,NA,NA,NA,98186856
"1183","Vietnam",2023-03-30,0,43186,30,11527285,NA,NA,NA,85861691,NA,NA,NA,98186856
"1184","Vietnam",2023-03-31,0,43186,0,11527285,NA,NA,NA,NA,NA,NA,NA,98186856
"1185","Vietnam",2023-04-01,0,43186,16,11527301,NA,NA,NA,NA,NA,NA,NA,98186856
"1186","Vietnam",2023-04-02,0,43186,15,11527316,NA,NA,NA,NA,NA,NA,NA,98186856
"1187","Vietnam",2023-04-03,0,43186,10,11527326,NA,NA,NA,NA,NA,NA,NA,98186856
"1188","Vietnam",2023-04-04,0,43186,40,11527366,NA,NA,NA,NA,NA,NA,NA,98186856
"1189","Vietnam",2023-04-05,0,43186,37,11527403,NA,NA,NA,NA,NA,NA,NA,98186856
"1190","Vietnam",2023-04-06,0,43186,51,11527454,NA,NA,NA,NA,NA,NA,NA,98186856
"1191","Vietnam",2023-04-07,0,43186,43,11527497,NA,NA,NA,NA,NA,NA,NA,98186856
"1192","Vietnam",2023-04-08,0,43186,82,11527579,NA,NA,NA,NA,NA,NA,NA,98186856
"1193","Vietnam",2023-04-09,0,43186,122,11527701,NA,NA,NA,NA,NA,NA,NA,98186856
"1194","Vietnam",2023-04-10,0,43186,44,11527745,NA,NA,NA,NA,NA,NA,NA,98186856
"1195","Vietnam",2023-04-11,0,43186,0,11527745,NA,NA,NA,NA,NA,NA,NA,98186856
"1196","Vietnam",2023-04-12,0,43186,0,11527745,NA,NA,NA,NA,NA,NA,NA,98186856
